["{\"r\":90,\"x\":0,\"y\":0,\"tag\":\"Wall\",\"type\":0}","{\"r\":0,\"x\":1,\"y\":0,\"tag\":\"Point\",\"type\":0}","{\"r\":270,\"x\":2,\"y\":0,\"tag\":\"Wall\",\"type\":0}","{\"r\":180,\"x\":6,\"y\":0,\"tag\":\"Wall\",\"type\":5}","{\"r\":180,\"x\":7,\"y\":0,\"tag\":\"Wall\",\"type\":0}","{\"r\":180,\"x\":8,\"y\":0,\"tag\":\"Wall\",\"type\":0}","{\"r\":180,\"x\":9,\"y\":0,\"tag\":\"Wall\",\"type\":0}","{\"r\":180,\"x\":10,\"y\":0,\"tag\":\"Wall\",\"type\":0}","{\"r\":180,\"x\":11,\"y\":0,\"tag\":\"Wall\",\"type\":0}","{\"r\":270,\"x\":12,\"y\":0,\"tag\":\"Wall\",\"type\":5}","{\"r\":90,\"x\":30,\"y\":0,\"tag\":\"Wall\",\"type\":0}","{\"r\":0,\"x\":31,\"y\":0,\"tag\":\"Point\",\"type\":0}","{\"r\":270,\"x\":32,\"y\":0,\"tag\":\"Wall\",\"type\":0}","{\"r\":90,\"x\":0,\"y\":1,\"tag\":\"Wall\",\"type\":0}","{\"r\":0,\"x\":1,\"y\":1,\"tag\":\"Point\",\"type\":0}","{\"r\":270,\"x\":2,\"y\":1,\"tag\":\"Wall\",\"type\":0}","{\"r\":90,\"x\":6,\"y\":1,\"tag\":\"Wall\",\"type\":0}","{\"r\":0,\"x\":7,\"y\":1,\"tag\":\"Point\",\"type\":0}","{\"r\":0,\"x\":8,\"y\":1,\"tag\":\"Point\",\"type\":0}","{\"r\":0,\"x\":9,\"y\":1,\"tag\":\"Point\",\"type\":0}","{\"r\":0,\"x\":10,\"y\":1,\"tag\":\"Point\",\"type\":0}","{\"r\":0,\"x\":11,\"y\":1,\"tag\":\"Point\",\"type\":0}","{\"r\":270,\"x\":12,\"y\":1,\"tag\":\"Wall\",\"type\":0}","{\"r\":180,\"x\":18,\"y\":1,\"tag\":\"Wall\",\"type\":5}","{\"r\":180,\"x\":19,\"y\":1,\"tag\":\"Wall\",\"type\":0}","{\"r\":180,\"x\":20,\"y\":1,\"tag\":\"Wall\",\"type\":0}","{\"r\":180,\"x\":21,\"y\":1,\"tag\":\"Wall\",\"type\":6}","{\"r\":180,\"x\":22,\"y\":1,\"tag\":\"Wall\",\"type\":0}","{\"r\":180,\"x\":23,\"y\":1,\"tag\":\"Wall\",\"type\":0}","{\"r\":180,\"x\":24,\"y\":1,\"tag\":\"Wall\",\"type\":0}","{\"r\":180,\"x\":25,\"y\":1,\"tag\":\"Wall\",\"type\":6}","{\"r\":180,\"x\":26,\"y\":1,\"tag\":\"Wall\",\"type\":0}","{\"r\":180,\"x\":27,\"y\":1,\"tag\":\"Wall\",\"type\":0}","{\"r\":180,\"x\":28,\"y\":1,\"tag\":\"Wall\",\"type\":0}","{\"r\":180,\"x\":29,\"y\":1,\"tag\":\"Wall\",\"type\":0}","{\"r\":180,\"x\":30,\"y\":1,\"tag\":\"Wall\",\"type\":1}","{\"r\":0,\"x\":31,\"y\":1,\"tag\":\"Point\",\"type\":0}","{\"r\":270,\"x\":32,\"y\":1,\"tag\":\"Wall\",\"type\":0}","{\"r\":90,\"x\":0,\"y\":2,\"tag\":\"Wall\",\"type\":0}","{\"r\":0,\"x\":1,\"y\":2,\"tag\":\"Point\",\"type\":0}","{\"r\":270,\"x\":2,\"y\":2,\"tag\":\"Wall\",\"type\":0}","{\"r\":90,\"x\":6,\"y\":2,\"tag\":\"Wall\",\"type\":0}","{\"r\":0,\"x\":7,\"y\":2,\"tag\":\"Point\",\"type\":0}","{\"r\":90,\"x\":9,\"y\":2,\"tag\":\"Wall\",\"type\":2}","{\"r\":0,\"x\":11,\"y\":2,\"tag\":\"Point\",\"type\":0}","{\"r\":270,\"x\":12,\"y\":2,\"tag\":\"Wall\",\"type\":0}","{\"r\":90,\"x\":18,\"y\":2,\"tag\":\"Wall\",\"type\":0}","{\"r\":0,\"x\":19,\"y\":2,\"tag\":\"Point\",\"type\":0}","{\"r\":0,\"x\":20,\"y\":2,\"tag\":\"Point\",\"type\":0}","{\"r\":270,\"x\":21,\"y\":2,\"tag\":\"Wall\",\"type\":2}","{\"r\":0,\"x\":22,\"y\":2,\"tag\":\"Point\",\"type\":0}","{\"r\":0,\"x\":23,\"y\":2,\"tag\":\"Point\",\"type\":0}","{\"r\":0,\"x\":24,\"y\":2,\"tag\":\"Point\",\"type\":0}","{\"r\":270,\"x\":25,\"y\":2,\"tag\":\"Wall\",\"type\":2}","{\"r\":0,\"x\":26,\"y\":2,\"tag\":\"Point\",\"type\":0}","{\"r\":0,\"x\":27,\"y\":2,\"tag\":\"Point\",\"type\":0}","{\"r\":0,\"x\":28,\"y\":2,\"tag\":\"Point\",\"type\":0}","{\"r\":0,\"x\":29,\"y\":2,\"tag\":\"Point\",\"type\":0}","{\"r\":0,\"x\":30,\"y\":2,\"tag\":\"Point\",\"type\":0}","{\"r\":0,\"x\":31,\"y\":2,\"tag\":\"Point\",\"type\":0}","{\"r\":270,\"x\":32,\"y\":2,\"tag\":\"Wall\",\"type\":0}","{\"r\":90,\"x\":0,\"y\":3,\"tag\":\"Wall\",\"type\":0}","{\"r\":0,\"x\":1,\"y\":3,\"tag\":\"Point\",\"type\":0}","{\"r\":270,\"x\":2,\"y\":3,\"tag\":\"Wall\",\"type\":0}","{\"r\":90,\"x\":6,\"y\":3,\"tag\":\"Wall\",\"type\":0}","{\"r\":0,\"x\":7,\"y\":3,\"tag\":\"Point\",\"type\":0}","{\"r\":0,\"x\":8,\"y\":3,\"tag\":\"Wall\",\"type\":2}","{\"r\":0,\"x\":9,\"y\":3,\"tag\":\"Wall\",\"type\":7}","{\"r\":180,\"x\":10,\"y\":3,\"tag\":\"Wall\",\"type\":2}","{\"r\":0,\"x\":11,\"y\":3,\"tag\":\"Point\",\"type\":0}","{\"r\":270,\"x\":12,\"y\":3,\"tag\":\"Wall\",\"type\":0}","{\"r\":90,\"x\":18,\"y\":3,\"tag\":\"Wall\",\"type\":0}","{\"r\":0,\"x\":19,\"y\":3,\"tag\":\"Point\",\"type\":0}","{\"r\":0,\"x\":20,\"y\":3,\"tag\":\"Point\",\"type\":0}","{\"r\":0,\"x\":21,\"y\":3,\"tag\":\"Point\",\"type\":0}","{\"r\":0,\"x\":22,\"y\":3,\"tag\":\"Point\",\"type\":0}","{\"r\":90,\"x\":23,\"y\":3,\"tag\":\"Wall\",\"type\":2}","{\"r\":0,\"x\":24,\"y\":3,\"tag\":\"Point\",\"type\":0}","{\"r\":0,\"x\":25,\"y\":3,\"tag\":\"Point\",\"type\":0}","{\"r\":0,\"x\":26,\"y\":3,\"tag\":\"Point\",\"type\":0}","{\"r\":90,\"x\":27,\"y\":3,\"tag\":\"Wall\",\"type\":2}","{\"r\":0,\"x\":28,\"y\":3,\"tag\":\"Point\",\"type\":0}","{\"r\":0,\"x\":29,\"y\":3,\"tag\":\"Wall\",\"type\":9}","{\"r\":180,\"x\":30,\"y\":3,\"tag\":\"Wall\",\"type\":2}","{\"r\":0,\"x\":31,\"y\":3,\"tag\":\"Point\",\"type\":0}","{\"r\":270,\"x\":32,\"y\":3,\"tag\":\"Wall\",\"type\":0}","{\"r\":90,\"x\":0,\"y\":4,\"tag\":\"Wall\",\"type\":0}","{\"r\":0,\"x\":1,\"y\":4,\"tag\":\"Point\",\"type\":0}","{\"r\":270,\"x\":2,\"y\":4,\"tag\":\"Wall\",\"type\":1}","{\"r\":180,\"x\":3,\"y\":4,\"tag\":\"Wall\",\"type\":0}","{\"r\":180,\"x\":4,\"y\":4,\"tag\":\"Wall\",\"type\":0}","{\"r\":180,\"x\":5,\"y\":4,\"tag\":\"Wall\",\"type\":0}","{\"r\":180,\"x\":6,\"y\":4,\"tag\":\"Wall\",\"type\":1}","{\"r\":0,\"x\":7,\"y\":4,\"tag\":\"Point\",\"type\":0}","{\"r\":270,\"x\":9,\"y\":4,\"tag\":\"Wall\",\"type\":2}","{\"r\":0,\"x\":11,\"y\":4,\"tag\":\"Point\",\"type\":0}","{\"r\":270,\"x\":12,\"y\":4,\"tag\":\"Wall\",\"type\":0}","{\"r\":90,\"x\":18,\"y\":4,\"tag\":\"Wall\",\"type\":5}","{\"r\":0,\"x\":19,\"y\":4,\"tag\":\"Wall\",\"type\":4}","{\"r\":0,\"x\":20,\"y\":4,\"tag\":\"Wall\",\"type\":4}","{\"r\":0,\"x\":21,\"y\":4,\"tag\":\"Wall\",\"type\":4}","{\"r\":0,\"x\":22,\"y\":4,\"tag\":\"Wall\",\"type\":4}","{\"r\":0,\"x\":23,\"y\":4,\"tag\":\"Wall\",\"type\":8}","{\"r\":0,\"x\":24,\"y\":4,\"tag\":\"Wall\",\"type\":4}","{\"r\":0,\"x\":25,\"y\":4,\"tag\":\"Wall\",\"type\":4}","{\"r\":0,\"x\":26,\"y\":4,\"tag\":\"Wall\",\"type\":4}","{\"r\":270,\"x\":27,\"y\":4,\"tag\":\"Wall\",\"type\":8}","{\"r\":0,\"x\":28,\"y\":4,\"tag\":\"Point\",\"type\":0}","{\"r\":90,\"x\":29,\"y\":4,\"tag\":\"Wall\",\"type\":4}","{\"r\":0,\"x\":30,\"y\":4,\"tag\":\"Point\",\"type\":0}","{\"r\":0,\"x\":31,\"y\":4,\"tag\":\"Point\",\"type\":0}","{\"r\":270,\"x\":32,\"y\":4,\"tag\":\"Wall\",\"type\":0}","{\"r\":90,\"x\":0,\"y\":5,\"tag\":\"Wall\",\"type\":0}","{\"r\":0,\"x\":1,\"y\":5,\"tag\":\"Point\",\"type\":0}","{\"r\":0,\"x\":2,\"y\":5,\"tag\":\"Point\",\"type\":0}","{\"r\":0,\"x\":3,\"y\":5,\"tag\":\"Point\",\"type\":0}","{\"r\":0,\"x\":4,\"y\":5,\"tag\":\"Point\",\"type\":0}","{\"r\":0,\"x\":5,\"y\":5,\"tag\":\"Point\",\"type\":0}","{\"r\":0,\"x\":6,\"y\":5,\"tag\":\"Point\",\"type\":0}","{\"r\":0,\"x\":7,\"y\":5,\"tag\":\"Point\",\"type\":0}","{\"r\":0,\"x\":8,\"y\":5,\"tag\":\"Point\",\"type\":0}","{\"r\":0,\"x\":9,\"y\":5,\"tag\":\"Point\",\"type\":0}","{\"r\":0,\"x\":10,\"y\":5,\"tag\":\"Point\",\"type\":0}","{\"r\":0,\"x\":11,\"y\":5,\"tag\":\"Point\",\"type\":0}","{\"r\":270,\"x\":12,\"y\":5,\"tag\":\"Wall\",\"type\":0}","{\"r\":90,\"x\":27,\"y\":5,\"tag\":\"Wall\",\"type\":4}","{\"r\":0,\"x\":28,\"y\":5,\"tag\":\"Point\",\"type\":0}","{\"r\":90,\"x\":29,\"y\":5,\"tag\":\"Wall\",\"type\":4}","{\"r\":0,\"x\":30,\"y\":5,\"tag\":\"Point\",\"type\":0}","{\"r\":0,\"x\":31,\"y\":5,\"tag\":\"Point\",\"type\":0}","{\"r\":270,\"x\":32,\"y\":5,\"tag\":\"Wall\",\"type\":0}","{\"r\":90,\"x\":0,\"y\":6,\"tag\":\"Wall\",\"type\":5}","{\"r\":0,\"x\":1,\"y\":6,\"tag\":\"Wall\",\"type\":0}","{\"r\":0,\"x\":2,\"y\":6,\"tag\":\"Wall\",\"type\":0}","{\"r\":0,\"x\":3,\"y\":6,\"tag\":\"Wall\",\"type\":0}","{\"r\":0,\"x\":4,\"y\":6,\"tag\":\"Wall\",\"type\":0}","{\"r\":0,\"x\":5,\"y\":6,\"tag\":\"Wall\",\"type\":0}","{\"r\":90,\"x\":6,\"y\":6,\"tag\":\"Wall\",\"type\":1}","{\"r\":0,\"x\":7,\"y\":6,\"tag\":\"Point\",\"type\":0}","{\"r\":0,\"x\":8,\"y\":6,\"tag\":\"Wall\",\"type\":1}","{\"r\":0,\"x\":9,\"y\":6,\"tag\":\"Wall\",\"type\":4}","{\"r\":0,\"x\":10,\"y\":6,\"tag\":\"Wall\",\"type\":4}","{\"r\":0,\"x\":11,\"y\":6,\"tag\":\"Wall\",\"type\":4}","{\"r\":0,\"x\":12,\"y\":6,\"tag\":\"Wall\",\"type\":6}","{\"r\":180,\"x\":13,\"y\":6,\"tag\":\"Wall\",\"type\":0}","{\"r\":180,\"x\":14,\"y\":6,\"tag\":\"Wall\",\"type\":0}","{\"r\":180,\"x\":15,\"y\":6,\"tag\":\"Wall\",\"type\":0}","{\"r\":180,\"x\":16,\"y\":6,\"tag\":\"Wall\",\"type\":0}","{\"r\":180,\"x\":17,\"y\":6,\"tag\":\"Wall\",\"type\":0}","{\"r\":180,\"x\":18,\"y\":6,\"tag\":\"Wall\",\"type\":0}","{\"r\":270,\"x\":19,\"y\":6,\"tag\":\"Wall\",\"type\":5}","{\"r\":90,\"x\":27,\"y\":6,\"tag\":\"Wall\",\"type\":4}","{\"r\":0,\"x\":28,\"y\":6,\"tag\":\"Point\",\"type\":0}","{\"r\":90,\"x\":29,\"y\":6,\"tag\":\"Wall\",\"type\":4}","{\"r\":0,\"x\":30,\"y\":6,\"tag\":\"Point\",\"type\":0}","{\"r\":0,\"x\":31,\"y\":6,\"tag\":\"Point\",\"type\":0}","{\"r\":270,\"x\":32,\"y\":6,\"tag\":\"Wall\",\"type\":0}","{\"r\":90,\"x\":6,\"y\":7,\"tag\":\"Wall\",\"type\":0}","{\"r\":0,\"x\":7,\"y\":7,\"tag\":\"Point\",\"type\":0}","{\"r\":270,\"x\":8,\"y\":7,\"tag\":\"Wall\",\"type\":2}","{\"r\":180,\"x\":9,\"y\":7,\"tag\":\"Spike\",\"type\":0}","{\"r\":180,\"x\":10,\"y\":7,\"tag\":\"Spike\",\"type\":0}","{\"r\":180,\"x\":11,\"y\":7,\"tag\":\"Spike\",\"type\":0}","{\"r\":180,\"x\":12,\"y\":7,\"tag\":\"Spike\",\"type\":0}","{\"r\":180,\"x\":13,\"y\":7,\"tag\":\"Spike\",\"type\":0}","{\"r\":180,\"x\":14,\"y\":7,\"tag\":\"Spike\",\"type\":0}","{\"r\":180,\"x\":15,\"y\":7,\"tag\":\"Spike\",\"type\":0}","{\"r\":180,\"x\":16,\"y\":7,\"tag\":\"Spike\",\"type\":0}","{\"r\":180,\"x\":17,\"y\":7,\"tag\":\"Spike\",\"type\":0}","{\"r\":180,\"x\":18,\"y\":7,\"tag\":\"Spike\",\"type\":0}","{\"r\":270,\"x\":19,\"y\":7,\"tag\":\"Wall\",\"type\":1}","{\"r\":270,\"x\":20,\"y\":7,\"tag\":\"Wall\",\"type\":5}","{\"r\":0,\"x\":21,\"y\":7,\"tag\":\"Spike\",\"type\":0}","{\"r\":180,\"x\":22,\"y\":7,\"tag\":\"Wall\",\"type\":5}","{\"r\":180,\"x\":23,\"y\":7,\"tag\":\"Wall\",\"type\":0}","{\"r\":180,\"x\":24,\"y\":7,\"tag\":\"Wall\",\"type\":0}","{\"r\":180,\"x\":25,\"y\":7,\"tag\":\"Wall\",\"type\":0}","{\"r\":180,\"x\":26,\"y\":7,\"tag\":\"Wall\",\"type\":0}","{\"r\":270,\"x\":27,\"y\":7,\"tag\":\"Wall\",\"type\":8}","{\"r\":0,\"x\":28,\"y\":7,\"tag\":\"Point\",\"type\":0}","{\"r\":90,\"x\":29,\"y\":7,\"tag\":\"Wall\",\"type\":4}","{\"r\":0,\"x\":30,\"y\":7,\"tag\":\"Point\",\"type\":0}","{\"r\":0,\"x\":31,\"y\":7,\"tag\":\"Point\",\"type\":0}","{\"r\":270,\"x\":32,\"y\":7,\"tag\":\"Wall\",\"type\":0}","{\"r\":90,\"x\":6,\"y\":8,\"tag\":\"Wall\",\"type\":0}","{\"r\":0,\"x\":7,\"y\":8,\"tag\":\"Point\",\"type\":0}","{\"r\":0,\"x\":13,\"y\":8,\"tag\":\"Wall\",\"type\":3}","{\"r\":0,\"x\":14,\"y\":8,\"tag\":\"Point\",\"type\":0}","{\"r\":0,\"x\":15,\"y\":8,\"tag\":\"Point\",\"type\":0}","{\"r\":0,\"x\":16,\"y\":8,\"tag\":\"Point\",\"type\":0}","{\"r\":0,\"x\":17,\"y\":8,\"tag\":\"Point\",\"type\":0}","{\"r\":0,\"x\":18,\"y\":8,\"tag\":\"Point\",\"type\":0}","{\"r\":0,\"x\":19,\"y\":8,\"tag\":\"Point\",\"type\":0}","{\"r\":270,\"x\":20,\"y\":8,\"tag\":\"Wall\",\"type\":0}","{\"r\":90,\"x\":22,\"y\":8,\"tag\":\"Wall\",\"type\":0}","{\"r\":0,\"x\":23,\"y\":8,\"tag\":\"Point\",\"type\":0}","{\"r\":0,\"x\":24,\"y\":8,\"tag\":\"Point\",\"type\":0}","{\"r\":0,\"x\":25,\"y\":8,\"tag\":\"Point\",\"type\":0}","{\"r\":0,\"x\":26,\"y\":8,\"tag\":\"Point\",\"type\":0}","{\"r\":270,\"x\":27,\"y\":8,\"tag\":\"Wall\",\"type\":2}","{\"r\":0,\"x\":28,\"y\":8,\"tag\":\"Point\",\"type\":0}","{\"r\":90,\"x\":29,\"y\":8,\"tag\":\"Wall\",\"type\":4}","{\"r\":0,\"x\":30,\"y\":8,\"tag\":\"Point\",\"type\":0}","{\"r\":0,\"x\":31,\"y\":8,\"tag\":\"Point\",\"type\":0}","{\"r\":270,\"x\":32,\"y\":8,\"tag\":\"Wall\",\"type\":0}","{\"r\":90,\"x\":6,\"y\":9,\"tag\":\"Wall\",\"type\":0}","{\"r\":0,\"x\":7,\"y\":9,\"tag\":\"Point\",\"type\":0}","{\"r\":0,\"x\":8,\"y\":9,\"tag\":\"Point\",\"type\":0}","{\"r\":0,\"x\":9,\"y\":9,\"tag\":\"Point\",\"type\":0}","{\"r\":0,\"x\":10,\"y\":9,\"tag\":\"Point\",\"type\":0}","{\"r\":0,\"x\":11,\"y\":9,\"tag\":\"Point\",\"type\":0}","{\"r\":0,\"x\":12,\"y\":9,\"tag\":\"Point\",\"type\":0}","{\"r\":0,\"x\":13,\"y\":9,\"tag\":\"Point\",\"type\":0}","{\"r\":0,\"x\":14,\"y\":9,\"tag\":\"Point\",\"type\":0}","{\"r\":0,\"x\":15,\"y\":9,\"tag\":\"Point\",\"type\":0}","{\"r\":0,\"x\":16,\"y\":9,\"tag\":\"Point\",\"type\":0}","{\"r\":0,\"x\":17,\"y\":9,\"tag\":\"Point\",\"type\":0}","{\"r\":0,\"x\":18,\"y\":9,\"tag\":\"Point\",\"type\":0}","{\"r\":0,\"x\":19,\"y\":9,\"tag\":\"Point\",\"type\":0}","{\"r\":270,\"x\":20,\"y\":9,\"tag\":\"Wall\",\"type\":0}","{\"r\":90,\"x\":22,\"y\":9,\"tag\":\"Wall\",\"type\":0}","{\"r\":0,\"x\":23,\"y\":9,\"tag\":\"Point\",\"type\":0}","{\"r\":0,\"x\":24,\"y\":9,\"tag\":\"Point\",\"type\":0}","{\"r\":0,\"x\":25,\"y\":9,\"tag\":\"Point\",\"type\":0}","{\"r\":0,\"x\":26,\"y\":9,\"tag\":\"Point\",\"type\":0}","{\"r\":0,\"x\":27,\"y\":9,\"tag\":\"Point\",\"type\":0}","{\"r\":0,\"x\":28,\"y\":9,\"tag\":\"Point\",\"type\":0}","{\"r\":90,\"x\":29,\"y\":9,\"tag\":\"Wall\",\"type\":4}","{\"r\":0,\"x\":30,\"y\":9,\"tag\":\"Point\",\"type\":0}","{\"r\":0,\"x\":31,\"y\":9,\"tag\":\"Point\",\"type\":0}","{\"r\":270,\"x\":32,\"y\":9,\"tag\":\"Wall\",\"type\":0}","{\"r\":180,\"x\":0,\"y\":10,\"tag\":\"Wall\",\"type\":5}","{\"r\":180,\"x\":1,\"y\":10,\"tag\":\"Wall\",\"type\":0}","{\"r\":180,\"x\":2,\"y\":10,\"tag\":\"Wall\",\"type\":0}","{\"r\":180,\"x\":3,\"y\":10,\"tag\":\"Wall\",\"type\":0}","{\"r\":180,\"x\":4,\"y\":10,\"tag\":\"Wall\",\"type\":0}","{\"r\":180,\"x\":5,\"y\":10,\"tag\":\"Wall\",\"type\":0}","{\"r\":0,\"x\":6,\"y\":10,\"tag\":\"Wall\",\"type\":7}","{\"r\":0,\"x\":7,\"y\":10,\"tag\":\"Wall\",\"type\":4}","{\"r\":0,\"x\":8,\"y\":10,\"tag\":\"Wall\",\"type\":4}","{\"r\":0,\"x\":9,\"y\":10,\"tag\":\"Wall\",\"type\":4}","{\"r\":0,\"x\":10,\"y\":10,\"tag\":\"Wall\",\"type\":4}","{\"r\":0,\"x\":11,\"y\":10,\"tag\":\"Wall\",\"type\":4}","{\"r\":180,\"x\":12,\"y\":10,\"tag\":\"Wall\",\"type\":8}","{\"r\":0,\"x\":13,\"y\":10,\"tag\":\"Wall\",\"type\":4}","{\"r\":0,\"x\":14,\"y\":10,\"tag\":\"Wall\",\"type\":4}","{\"r\":0,\"x\":15,\"y\":10,\"tag\":\"Wall\",\"type\":4}","{\"r\":0,\"x\":16,\"y\":10,\"tag\":\"Wall\",\"type\":4}","{\"r\":0,\"x\":17,\"y\":10,\"tag\":\"Wall\",\"type\":4}","{\"r\":90,\"x\":18,\"y\":10,\"tag\":\"Wall\",\"type\":9}","{\"r\":0,\"x\":19,\"y\":10,\"tag\":\"Point\",\"type\":0}","{\"r\":270,\"x\":20,\"y\":10,\"tag\":\"Wall\",\"type\":0}","{\"r\":90,\"x\":22,\"y\":10,\"tag\":\"Wall\",\"type\":0}","{\"r\":0,\"x\":23,\"y\":10,\"tag\":\"Point\",\"type\":0}","{\"r\":0,\"x\":24,\"y\":10,\"tag\":\"Wall\",\"type\":9}","{\"r\":0,\"x\":25,\"y\":10,\"tag\":\"Wall\",\"type\":4}","{\"r\":0,\"x\":26,\"y\":10,\"tag\":\"Wall\",\"type\":4}","{\"r\":0,\"x\":27,\"y\":10,\"tag\":\"Wall\",\"type\":4}","{\"r\":0,\"x\":28,\"y\":10,\"tag\":\"Wall\",\"type\":4}","{\"r\":0,\"x\":29,\"y\":10,\"tag\":\"Wall\",\"type\":8}","{\"r\":0,\"x\":30,\"y\":10,\"tag\":\"Wall\",\"type\":4}","{\"r\":0,\"x\":31,\"y\":10,\"tag\":\"Wall\",\"type\":4}","{\"r\":270,\"x\":32,\"y\":10,\"tag\":\"Wall\",\"type\":6}","{\"r\":90,\"x\":0,\"y\":11,\"tag\":\"Wall\",\"type\":0}","{\"r\":0,\"x\":1,\"y\":11,\"tag\":\"Point\",\"type\":0}","{\"r\":0,\"x\":2,\"y\":11,\"tag\":\"Point\",\"type\":0}","{\"r\":0,\"x\":3,\"y\":11,\"tag\":\"Point\",\"type\":0}","{\"r\":0,\"x\":4,\"y\":11,\"tag\":\"Point\",\"type\":0}","{\"r\":0,\"x\":5,\"y\":11,\"tag\":\"Point\",\"type\":0}","{\"r\":270,\"x\":6,\"y\":11,\"tag\":\"Wall\",\"type\":2}","{\"r\":0,\"x\":7,\"y\":11,\"tag\":\"Point\",\"type\":0}","{\"r\":0,\"x\":8,\"y\":11,\"tag\":\"Point\",\"type\":0}","{\"r\":0,\"x\":9,\"y\":11,\"tag\":\"Point\",\"type\":0}","{\"r\":0,\"x\":10,\"y\":11,\"tag\":\"Point\",\"type\":0}","{\"r\":0,\"x\":11,\"y\":11,\"tag\":\"Point\",\"type\":0}","{\"r\":270,\"x\":12,\"y\":11,\"tag\":\"Wall\",\"type\":2}","{\"r\":0,\"x\":13,\"y\":11,\"tag\":\"Point\",\"type\":0}","{\"r\":0,\"x\":14,\"y\":11,\"tag\":\"Point\",\"type\":0}","{\"r\":0,\"x\":15,\"y\":11,\"tag\":\"Point\",\"type\":0}","{\"r\":0,\"x\":16,\"y\":11,\"tag\":\"Point\",\"type\":0}","{\"r\":0,\"x\":17,\"y\":11,\"tag\":\"Point\",\"type\":0}","{\"r\":270,\"x\":18,\"y\":11,\"tag\":\"Wall\",\"type\":2}","{\"r\":0,\"x\":19,\"y\":11,\"tag\":\"Point\",\"type\":0}","{\"r\":270,\"x\":20,\"y\":11,\"tag\":\"Wall\",\"type\":0}","{\"r\":90,\"x\":22,\"y\":11,\"tag\":\"Wall\",\"type\":0}","{\"r\":0,\"x\":23,\"y\":11,\"tag\":\"Point\",\"type\":0}","{\"r\":270,\"x\":24,\"y\":11,\"tag\":\"Wall\",\"type\":2}","{\"r\":0,\"x\":25,\"y\":11,\"tag\":\"Point\",\"type\":0}","{\"r\":0,\"x\":26,\"y\":11,\"tag\":\"Point\",\"type\":0}","{\"r\":0,\"x\":27,\"y\":11,\"tag\":\"Point\",\"type\":0}","{\"r\":0,\"x\":28,\"y\":11,\"tag\":\"Point\",\"type\":0}","{\"r\":0,\"x\":29,\"y\":11,\"tag\":\"Point\",\"type\":0}","{\"r\":0,\"x\":30,\"y\":11,\"tag\":\"Point\",\"type\":0}","{\"r\":0,\"x\":31,\"y\":11,\"tag\":\"Point\",\"type\":0}","{\"r\":270,\"x\":32,\"y\":11,\"tag\":\"Wall\",\"type\":0}","{\"r\":90,\"x\":0,\"y\":12,\"tag\":\"Wall\",\"type\":6}","{\"r\":180,\"x\":1,\"y\":12,\"tag\":\"Wall\",\"type\":2}","{\"r\":0,\"x\":2,\"y\":12,\"tag\":\"Point\",\"type\":0}","{\"r\":0,\"x\":3,\"y\":12,\"tag\":\"Point\",\"type\":0}","{\"r\":0,\"x\":4,\"y\":12,\"tag\":\"Point\",\"type\":0}","{\"r\":0,\"x\":5,\"y\":12,\"tag\":\"Point\",\"type\":0}","{\"r\":0,\"x\":6,\"y\":12,\"tag\":\"Point\",\"type\":0}","{\"r\":0,\"x\":7,\"y\":12,\"tag\":\"Point\",\"type\":0}","{\"r\":0,\"x\":8,\"y\":12,\"tag\":\"Point\",\"type\":0}","{\"r\":90,\"x\":9,\"y\":12,\"tag\":\"Wall\",\"type\":2}","{\"r\":0,\"x\":10,\"y\":12,\"tag\":\"Point\",\"type\":0}","{\"r\":0,\"x\":11,\"y\":12,\"tag\":\"Point\",\"type\":0}","{\"r\":0,\"x\":12,\"y\":12,\"tag\":\"Point\",\"type\":0}","{\"r\":0,\"x\":13,\"y\":12,\"tag\":\"Point\",\"type\":0}","{\"r\":0,\"x\":14,\"y\":12,\"tag\":\"Point\",\"type\":0}","{\"r\":90,\"x\":15,\"y\":12,\"tag\":\"Wall\",\"type\":2}","{\"r\":0,\"x\":16,\"y\":12,\"tag\":\"Point\",\"type\":0}","{\"r\":0,\"x\":17,\"y\":12,\"tag\":\"Point\",\"type\":0}","{\"r\":0,\"x\":18,\"y\":12,\"tag\":\"Point\",\"type\":0}","{\"r\":0,\"x\":19,\"y\":12,\"tag\":\"Point\",\"type\":0}","{\"r\":270,\"x\":20,\"y\":12,\"tag\":\"Wall\",\"type\":0}","{\"r\":90,\"x\":22,\"y\":12,\"tag\":\"Wall\",\"type\":0}","{\"r\":0,\"x\":23,\"y\":12,\"tag\":\"Point\",\"type\":0}","{\"r\":0,\"x\":24,\"y\":12,\"tag\":\"Point\",\"type\":0}","{\"r\":0,\"x\":25,\"y\":12,\"tag\":\"Point\",\"type\":0}","{\"r\":0,\"x\":26,\"y\":12,\"tag\":\"Point\",\"type\":0}","{\"r\":0,\"x\":27,\"y\":12,\"tag\":\"Wall\",\"type\":9}","{\"r\":0,\"x\":28,\"y\":12,\"tag\":\"Wall\",\"type\":4}","{\"r\":0,\"x\":29,\"y\":12,\"tag\":\"Wall\",\"type\":4}","{\"r\":180,\"x\":30,\"y\":12,\"tag\":\"Wall\",\"type\":2}","{\"r\":0,\"x\":31,\"y\":12,\"tag\":\"Point\",\"type\":0}","{\"r\":270,\"x\":32,\"y\":12,\"tag\":\"Wall\",\"type\":0}","{\"r\":90,\"x\":0,\"y\":13,\"tag\":\"Wall\",\"type\":0}","{\"r\":0,\"x\":1,\"y\":13,\"tag\":\"Point\",\"type\":0}","{\"r\":0,\"x\":2,\"y\":13,\"tag\":\"Point\",\"type\":0}","{\"r\":0,\"x\":3,\"y\":13,\"tag\":\"Wall\",\"type\":2}","{\"r\":0,\"x\":4,\"y\":13,\"tag\":\"Wall\",\"type\":4}","{\"r\":0,\"x\":5,\"y\":13,\"tag\":\"Wall\",\"type\":4}","{\"r\":0,\"x\":6,\"y\":13,\"tag\":\"Wall\",\"type\":4}","{\"r\":0,\"x\":7,\"y\":13,\"tag\":\"Wall\",\"type\":4}","{\"r\":0,\"x\":8,\"y\":13,\"tag\":\"Wall\",\"type\":4}","{\"r\":0,\"x\":9,\"y\":13,\"tag\":\"Wall\",\"type\":8}","{\"r\":0,\"x\":10,\"y\":13,\"tag\":\"Wall\",\"type\":4}","{\"r\":0,\"x\":11,\"y\":13,\"tag\":\"Wall\",\"type\":4}","{\"r\":0,\"x\":12,\"y\":13,\"tag\":\"Wall\",\"type\":4}","{\"r\":0,\"x\":13,\"y\":13,\"tag\":\"Wall\",\"type\":4}","{\"r\":0,\"x\":14,\"y\":13,\"tag\":\"Wall\",\"type\":4}","{\"r\":0,\"x\":15,\"y\":13,\"tag\":\"Wall\",\"type\":8}","{\"r\":0,\"x\":16,\"y\":13,\"tag\":\"Wall\",\"type\":4}","{\"r\":0,\"x\":17,\"y\":13,\"tag\":\"Wall\",\"type\":4}","{\"r\":0,\"x\":18,\"y\":13,\"tag\":\"Wall\",\"type\":4}","{\"r\":0,\"x\":19,\"y\":13,\"tag\":\"Wall\",\"type\":4}","{\"r\":180,\"x\":20,\"y\":13,\"tag\":\"Wall\",\"type\":9}","{\"r\":180,\"x\":21,\"y\":13,\"tag\":\"Spike\",\"type\":0}","{\"r\":270,\"x\":22,\"y\":13,\"tag\":\"Wall\",\"type\":9}","{\"r\":0,\"x\":23,\"y\":13,\"tag\":\"Wall\",\"type\":4}","{\"r\":0,\"x\":24,\"y\":13,\"tag\":\"Wall\",\"type\":4}","{\"r\":180,\"x\":25,\"y\":13,\"tag\":\"Wall\",\"type\":2}","{\"r\":0,\"x\":26,\"y\":13,\"tag\":\"Point\",\"type\":0}","{\"r\":90,\"x\":27,\"y\":13,\"tag\":\"Wall\",\"type\":4}","{\"r\":0,\"x\":28,\"y\":13,\"tag\":\"Point\",\"type\":0}","{\"r\":0,\"x\":29,\"y\":13,\"tag\":\"Point\",\"type\":0}","{\"r\":0,\"x\":30,\"y\":13,\"tag\":\"Point\",\"type\":0}","{\"r\":0,\"x\":31,\"y\":13,\"tag\":\"Point\",\"type\":0}","{\"r\":270,\"x\":32,\"y\":13,\"tag\":\"Wall\",\"type\":0}","{\"r\":90,\"x\":0,\"y\":14,\"tag\":\"Wall\",\"type\":0}","{\"r\":0,\"x\":1,\"y\":14,\"tag\":\"Point\",\"type\":0}","{\"r\":0,\"x\":26,\"y\":14,\"tag\":\"Point\",\"type\":0}","{\"r\":90,\"x\":27,\"y\":14,\"tag\":\"Wall\",\"type\":4}","{\"r\":0,\"x\":28,\"y\":14,\"tag\":\"Point\",\"type\":0}","{\"r\":0,\"x\":31,\"y\":14,\"tag\":\"Point\",\"type\":0}","{\"r\":270,\"x\":32,\"y\":14,\"tag\":\"Wall\",\"type\":0}","{\"r\":90,\"x\":0,\"y\":15,\"tag\":\"Wall\",\"type\":0}","{\"r\":0,\"x\":1,\"y\":15,\"tag\":\"Point\",\"type\":0}","{\"r\":0,\"x\":2,\"y\":15,\"tag\":\"Point\",\"type\":0}","{\"r\":0,\"x\":3,\"y\":15,\"tag\":\"Point\",\"type\":0}","{\"r\":0,\"x\":4,\"y\":15,\"tag\":\"Point\",\"type\":0}","{\"r\":0,\"x\":5,\"y\":15,\"tag\":\"Point\",\"type\":0}","{\"r\":0,\"x\":6,\"y\":15,\"tag\":\"Point\",\"type\":0}","{\"r\":0,\"x\":7,\"y\":15,\"tag\":\"Point\",\"type\":0}","{\"r\":0,\"x\":8,\"y\":15,\"tag\":\"Point\",\"type\":0}","{\"r\":0,\"x\":9,\"y\":15,\"tag\":\"Point\",\"type\":0}","{\"r\":0,\"x\":10,\"y\":15,\"tag\":\"Point\",\"type\":0}","{\"r\":0,\"x\":11,\"y\":15,\"tag\":\"Point\",\"type\":0}","{\"r\":0,\"x\":12,\"y\":15,\"tag\":\"Point\",\"type\":0}","{\"r\":0,\"x\":13,\"y\":15,\"tag\":\"Point\",\"type\":0}","{\"r\":0,\"x\":14,\"y\":15,\"tag\":\"Point\",\"type\":0}","{\"r\":0,\"x\":15,\"y\":15,\"tag\":\"Point\",\"type\":0}","{\"r\":0,\"x\":16,\"y\":15,\"tag\":\"Player\",\"type\":0}","{\"r\":0,\"x\":17,\"y\":15,\"tag\":\"Point\",\"type\":0}","{\"r\":0,\"x\":18,\"y\":15,\"tag\":\"Point\",\"type\":0}","{\"r\":0,\"x\":19,\"y\":15,\"tag\":\"Point\",\"type\":0}","{\"r\":0,\"x\":20,\"y\":15,\"tag\":\"Point\",\"type\":0}","{\"r\":0,\"x\":21,\"y\":15,\"tag\":\"Point\",\"type\":0}","{\"r\":0,\"x\":22,\"y\":15,\"tag\":\"Point\",\"type\":0}","{\"r\":0,\"x\":23,\"y\":15,\"tag\":\"Point\",\"type\":0}","{\"r\":0,\"x\":24,\"y\":15,\"tag\":\"Point\",\"type\":0}","{\"r\":0,\"x\":25,\"y\":15,\"tag\":\"Point\",\"type\":0}","{\"r\":0,\"x\":26,\"y\":15,\"tag\":\"Point\",\"type\":0}","{\"r\":90,\"x\":27,\"y\":15,\"tag\":\"Wall\",\"type\":4}","{\"r\":0,\"x\":28,\"y\":15,\"tag\":\"Point\",\"type\":0}","{\"r\":0,\"x\":29,\"y\":15,\"tag\":\"Point\",\"type\":0}","{\"r\":0,\"x\":30,\"y\":15,\"tag\":\"Point\",\"type\":0}","{\"r\":0,\"x\":31,\"y\":15,\"tag\":\"Point\",\"type\":0}","{\"r\":270,\"x\":32,\"y\":15,\"tag\":\"Wall\",\"type\":0}","{\"r\":90,\"x\":0,\"y\":16,\"tag\":\"Wall\",\"type\":5}","{\"r\":0,\"x\":1,\"y\":16,\"tag\":\"Wall\",\"type\":0}","{\"r\":0,\"x\":2,\"y\":16,\"tag\":\"Wall\",\"type\":0}","{\"r\":0,\"x\":3,\"y\":16,\"tag\":\"Wall\",\"type\":0}","{\"r\":0,\"x\":4,\"y\":16,\"tag\":\"Wall\",\"type\":0}","{\"r\":0,\"x\":5,\"y\":16,\"tag\":\"Wall\",\"type\":0}","{\"r\":0,\"x\":6,\"y\":16,\"tag\":\"Wall\",\"type\":0}","{\"r\":0,\"x\":7,\"y\":16,\"tag\":\"Wall\",\"type\":0}","{\"r\":0,\"x\":8,\"y\":16,\"tag\":\"Wall\",\"type\":0}","{\"r\":0,\"x\":9,\"y\":16,\"tag\":\"Wall\",\"type\":0}","{\"r\":0,\"x\":10,\"y\":16,\"tag\":\"Wall\",\"type\":0}","{\"r\":0,\"x\":11,\"y\":16,\"tag\":\"Wall\",\"type\":0}","{\"r\":0,\"x\":12,\"y\":16,\"tag\":\"Wall\",\"type\":0}","{\"r\":0,\"x\":13,\"y\":16,\"tag\":\"Wall\",\"type\":0}","{\"r\":0,\"x\":14,\"y\":16,\"tag\":\"Wall\",\"type\":0}","{\"r\":0,\"x\":15,\"y\":16,\"tag\":\"Wall\",\"type\":0}","{\"r\":0,\"x\":16,\"y\":16,\"tag\":\"Wall\",\"type\":0}","{\"r\":0,\"x\":17,\"y\":16,\"tag\":\"Wall\",\"type\":0}","{\"r\":0,\"x\":18,\"y\":16,\"tag\":\"Wall\",\"type\":0}","{\"r\":0,\"x\":19,\"y\":16,\"tag\":\"Wall\",\"type\":0}","{\"r\":0,\"x\":20,\"y\":16,\"tag\":\"Wall\",\"type\":0}","{\"r\":0,\"x\":21,\"y\":16,\"tag\":\"Wall\",\"type\":0}","{\"r\":0,\"x\":22,\"y\":16,\"tag\":\"Wall\",\"type\":0}","{\"r\":0,\"x\":23,\"y\":16,\"tag\":\"Wall\",\"type\":0}","{\"r\":0,\"x\":24,\"y\":16,\"tag\":\"Wall\",\"type\":0}","{\"r\":0,\"x\":25,\"y\":16,\"tag\":\"Wall\",\"type\":0}","{\"r\":0,\"x\":26,\"y\":16,\"tag\":\"Wall\",\"type\":0}","{\"r\":0,\"x\":27,\"y\":16,\"tag\":\"Wall\",\"type\":0}","{\"r\":0,\"x\":28,\"y\":16,\"tag\":\"Wall\",\"type\":0}","{\"r\":0,\"x\":29,\"y\":16,\"tag\":\"Wall\",\"type\":0}","{\"r\":0,\"x\":30,\"y\":16,\"tag\":\"Wall\",\"type\":0}","{\"r\":0,\"x\":31,\"y\":16,\"tag\":\"Wall\",\"type\":0}","{\"r\":0,\"x\":32,\"y\":16,\"tag\":\"Wall\",\"type\":5}"]