["{\"r\":0,\"x\":4,\"y\":0,\"tag\":\"Wall\",\"type\":9}","{\"r\":0,\"x\":5,\"y\":0,\"tag\":\"Wall\",\"type\":4}","{\"r\":0,\"x\":6,\"y\":0,\"tag\":\"Wall\",\"type\":4}","{\"r\":0,\"x\":7,\"y\":0,\"tag\":\"Wall\",\"type\":4}","{\"r\":0,\"x\":8,\"y\":0,\"tag\":\"Wall\",\"type\":4}","{\"r\":90,\"x\":9,\"y\":0,\"tag\":\"Wall\",\"type\":9}","{\"r\":90,\"x\":4,\"y\":1,\"tag\":\"Wall\",\"type\":4}","{\"r\":0,\"x\":5,\"y\":1,\"tag\":\"Point\",\"type\":0}","{\"r\":0,\"x\":6,\"y\":1,\"tag\":\"Point\",\"type\":0}","{\"r\":0,\"x\":7,\"y\":1,\"tag\":\"Point\",\"type\":0}","{\"r\":0,\"x\":8,\"y\":1,\"tag\":\"Finish\",\"type\":0}","{\"r\":90,\"x\":9,\"y\":1,\"tag\":\"Wall\",\"type\":4}","{\"r\":90,\"x\":3,\"y\":2,\"tag\":\"Spike\",\"type\":0}","{\"r\":270,\"x\":4,\"y\":2,\"tag\":\"Wall\",\"type\":2}","{\"r\":0,\"x\":5,\"y\":2,\"tag\":\"Point\",\"type\":0}","{\"r\":0,\"x\":6,\"y\":2,\"tag\":\"Wall\",\"type\":2}","{\"r\":0,\"x\":7,\"y\":2,\"tag\":\"Wall\",\"type\":4}","{\"r\":0,\"x\":8,\"y\":2,\"tag\":\"Wall\",\"type\":4}","{\"r\":180,\"x\":9,\"y\":2,\"tag\":\"Wall\",\"type\":9}","{\"r\":180,\"x\":10,\"y\":2,\"tag\":\"Spike\",\"type\":0}","{\"r\":180,\"x\":11,\"y\":2,\"tag\":\"Spike\",\"type\":0}","{\"r\":180,\"x\":12,\"y\":2,\"tag\":\"Spike\",\"type\":0}","{\"r\":180,\"x\":13,\"y\":2,\"tag\":\"Spike\",\"type\":0}","{\"r\":180,\"x\":14,\"y\":2,\"tag\":\"Spike\",\"type\":0}","{\"r\":180,\"x\":15,\"y\":2,\"tag\":\"Spike\",\"type\":0}","{\"r\":180,\"x\":16,\"y\":2,\"tag\":\"Spike\",\"type\":0}","{\"r\":180,\"x\":17,\"y\":2,\"tag\":\"Spike\",\"type\":0}","{\"r\":180,\"x\":18,\"y\":2,\"tag\":\"Spike\",\"type\":0}","{\"r\":180,\"x\":19,\"y\":2,\"tag\":\"Spike\",\"type\":0}","{\"r\":90,\"x\":3,\"y\":3,\"tag\":\"Spike\",\"type\":0}","{\"r\":0,\"x\":5,\"y\":3,\"tag\":\"Point\",\"type\":0}","{\"r\":270,\"x\":19,\"y\":3,\"tag\":\"Spike\",\"type\":0}","{\"r\":90,\"x\":3,\"y\":4,\"tag\":\"Spike\",\"type\":0}","{\"r\":0,\"x\":5,\"y\":4,\"tag\":\"Point\",\"type\":0}","{\"r\":270,\"x\":19,\"y\":4,\"tag\":\"Spike\",\"type\":0}","{\"r\":90,\"x\":3,\"y\":5,\"tag\":\"Spike\",\"type\":0}","{\"r\":0,\"x\":5,\"y\":5,\"tag\":\"Point\",\"type\":0}","{\"r\":0,\"x\":10,\"y\":5,\"tag\":\"Wall\",\"type\":3}","{\"r\":270,\"x\":19,\"y\":5,\"tag\":\"Spike\",\"type\":0}","{\"r\":90,\"x\":3,\"y\":6,\"tag\":\"Spike\",\"type\":0}","{\"r\":0,\"x\":5,\"y\":6,\"tag\":\"Point\",\"type\":0}","{\"r\":0,\"x\":10,\"y\":6,\"tag\":\"Point\",\"type\":0}","{\"r\":0,\"x\":11,\"y\":6,\"tag\":\"Point\",\"type\":0}","{\"r\":0,\"x\":12,\"y\":6,\"tag\":\"Point\",\"type\":0}","{\"r\":0,\"x\":13,\"y\":6,\"tag\":\"Point\",\"type\":0}","{\"r\":0,\"x\":14,\"y\":6,\"tag\":\"Point\",\"type\":0}","{\"r\":0,\"x\":15,\"y\":6,\"tag\":\"Point\",\"type\":0}","{\"r\":0,\"x\":16,\"y\":6,\"tag\":\"Point\",\"type\":0}","{\"r\":0,\"x\":17,\"y\":6,\"tag\":\"Wall\",\"type\":3}","{\"r\":270,\"x\":19,\"y\":6,\"tag\":\"Spike\",\"type\":0}","{\"r\":90,\"x\":3,\"y\":7,\"tag\":\"Spike\",\"type\":0}","{\"r\":0,\"x\":5,\"y\":7,\"tag\":\"Point\",\"type\":0}","{\"r\":0,\"x\":10,\"y\":7,\"tag\":\"Point\",\"type\":0}","{\"r\":0,\"x\":16,\"y\":7,\"tag\":\"Point\",\"type\":0}","{\"r\":270,\"x\":19,\"y\":7,\"tag\":\"Spike\",\"type\":0}","{\"r\":90,\"x\":3,\"y\":8,\"tag\":\"Spike\",\"type\":0}","{\"r\":0,\"x\":5,\"y\":8,\"tag\":\"Point\",\"type\":0}","{\"r\":0,\"x\":10,\"y\":8,\"tag\":\"Point\",\"type\":0}","{\"r\":0,\"x\":16,\"y\":8,\"tag\":\"Point\",\"type\":0}","{\"r\":270,\"x\":19,\"y\":8,\"tag\":\"Spike\",\"type\":0}","{\"r\":90,\"x\":3,\"y\":9,\"tag\":\"Spike\",\"type\":0}","{\"r\":0,\"x\":5,\"y\":9,\"tag\":\"Point\",\"type\":0}","{\"r\":0,\"x\":10,\"y\":9,\"tag\":\"Point\",\"type\":0}","{\"r\":0,\"x\":16,\"y\":9,\"tag\":\"Point\",\"type\":0}","{\"r\":270,\"x\":19,\"y\":9,\"tag\":\"Spike\",\"type\":0}","{\"r\":90,\"x\":3,\"y\":10,\"tag\":\"Spike\",\"type\":0}","{\"r\":0,\"x\":5,\"y\":10,\"tag\":\"Point\",\"type\":0}","{\"r\":0,\"x\":10,\"y\":10,\"tag\":\"Point\",\"type\":0}","{\"r\":0,\"x\":16,\"y\":10,\"tag\":\"Point\",\"type\":0}","{\"r\":270,\"x\":19,\"y\":10,\"tag\":\"Spike\",\"type\":0}","{\"r\":90,\"x\":3,\"y\":11,\"tag\":\"Spike\",\"type\":0}","{\"r\":90,\"x\":4,\"y\":11,\"tag\":\"Wall\",\"type\":2}","{\"r\":0,\"x\":5,\"y\":11,\"tag\":\"Point\",\"type\":0}","{\"r\":0,\"x\":6,\"y\":11,\"tag\":\"Point\",\"type\":0}","{\"r\":0,\"x\":7,\"y\":11,\"tag\":\"Point\",\"type\":0}","{\"r\":0,\"x\":8,\"y\":11,\"tag\":\"Point\",\"type\":0}","{\"r\":0,\"x\":9,\"y\":11,\"tag\":\"Point\",\"type\":0}","{\"r\":0,\"x\":10,\"y\":11,\"tag\":\"Point\",\"type\":0}","{\"r\":0,\"x\":11,\"y\":11,\"tag\":\"Point\",\"type\":0}","{\"r\":0,\"x\":12,\"y\":11,\"tag\":\"Point\",\"type\":0}","{\"r\":0,\"x\":13,\"y\":11,\"tag\":\"Point\",\"type\":0}","{\"r\":0,\"x\":14,\"y\":11,\"tag\":\"Point\",\"type\":0}","{\"r\":0,\"x\":15,\"y\":11,\"tag\":\"Point\",\"type\":0}","{\"r\":0,\"x\":16,\"y\":11,\"tag\":\"Point\",\"type\":0}","{\"r\":270,\"x\":19,\"y\":11,\"tag\":\"Spike\",\"type\":0}","{\"r\":0,\"x\":0,\"y\":12,\"tag\":\"Wall\",\"type\":9}","{\"r\":0,\"x\":1,\"y\":12,\"tag\":\"Wall\",\"type\":4}","{\"r\":0,\"x\":2,\"y\":12,\"tag\":\"Wall\",\"type\":4}","{\"r\":0,\"x\":3,\"y\":12,\"tag\":\"Wall\",\"type\":4}","{\"r\":0,\"x\":4,\"y\":12,\"tag\":\"Wall\",\"type\":8}","{\"r\":0,\"x\":5,\"y\":12,\"tag\":\"Wall\",\"type\":4}","{\"r\":0,\"x\":6,\"y\":12,\"tag\":\"Wall\",\"type\":4}","{\"r\":0,\"x\":7,\"y\":12,\"tag\":\"Wall\",\"type\":4}","{\"r\":0,\"x\":8,\"y\":12,\"tag\":\"Wall\",\"type\":4}","{\"r\":180,\"x\":9,\"y\":12,\"tag\":\"Wall\",\"type\":2}","{\"r\":0,\"x\":10,\"y\":12,\"tag\":\"Point\",\"type\":0}","{\"r\":90,\"x\":11,\"y\":12,\"tag\":\"Wall\",\"type\":2}","{\"r\":0,\"x\":16,\"y\":12,\"tag\":\"Wall\",\"type\":3}","{\"r\":270,\"x\":19,\"y\":12,\"tag\":\"Spike\",\"type\":0}","{\"r\":90,\"x\":0,\"y\":13,\"tag\":\"Wall\",\"type\":4}","{\"r\":90,\"x\":1,\"y\":13,\"tag\":\"Player\",\"type\":0}","{\"r\":0,\"x\":2,\"y\":13,\"tag\":\"Point\",\"type\":0}","{\"r\":0,\"x\":3,\"y\":13,\"tag\":\"Point\",\"type\":0}","{\"r\":0,\"x\":4,\"y\":13,\"tag\":\"Point\",\"type\":0}","{\"r\":0,\"x\":5,\"y\":13,\"tag\":\"Point\",\"type\":0}","{\"r\":0,\"x\":6,\"y\":13,\"tag\":\"Point\",\"type\":0}","{\"r\":0,\"x\":7,\"y\":13,\"tag\":\"Point\",\"type\":0}","{\"r\":0,\"x\":8,\"y\":13,\"tag\":\"Point\",\"type\":0}","{\"r\":0,\"x\":9,\"y\":13,\"tag\":\"Point\",\"type\":0}","{\"r\":0,\"x\":10,\"y\":13,\"tag\":\"Point\",\"type\":0}","{\"r\":90,\"x\":11,\"y\":13,\"tag\":\"Wall\",\"type\":4}","{\"r\":270,\"x\":19,\"y\":13,\"tag\":\"Spike\",\"type\":0}","{\"r\":270,\"x\":0,\"y\":14,\"tag\":\"Wall\",\"type\":9}","{\"r\":0,\"x\":1,\"y\":14,\"tag\":\"Wall\",\"type\":4}","{\"r\":0,\"x\":2,\"y\":14,\"tag\":\"Wall\",\"type\":4}","{\"r\":0,\"x\":3,\"y\":14,\"tag\":\"Wall\",\"type\":4}","{\"r\":0,\"x\":4,\"y\":14,\"tag\":\"Wall\",\"type\":4}","{\"r\":0,\"x\":5,\"y\":14,\"tag\":\"Wall\",\"type\":4}","{\"r\":0,\"x\":6,\"y\":14,\"tag\":\"Wall\",\"type\":4}","{\"r\":0,\"x\":7,\"y\":14,\"tag\":\"Wall\",\"type\":4}","{\"r\":0,\"x\":8,\"y\":14,\"tag\":\"Wall\",\"type\":4}","{\"r\":0,\"x\":9,\"y\":14,\"tag\":\"Wall\",\"type\":4}","{\"r\":0,\"x\":10,\"y\":14,\"tag\":\"Wall\",\"type\":4}","{\"r\":180,\"x\":11,\"y\":14,\"tag\":\"Wall\",\"type\":9}","{\"r\":0,\"x\":12,\"y\":14,\"tag\":\"Spike\",\"type\":0}","{\"r\":0,\"x\":13,\"y\":14,\"tag\":\"Spike\",\"type\":0}","{\"r\":0,\"x\":14,\"y\":14,\"tag\":\"Spike\",\"type\":0}","{\"r\":0,\"x\":15,\"y\":14,\"tag\":\"Spike\",\"type\":0}","{\"r\":0,\"x\":16,\"y\":14,\"tag\":\"Spike\",\"type\":0}","{\"r\":0,\"x\":17,\"y\":14,\"tag\":\"Spike\",\"type\":0}","{\"r\":0,\"x\":18,\"y\":14,\"tag\":\"Spike\",\"type\":0}","{\"r\":270,\"x\":19,\"y\":14,\"tag\":\"Spike\",\"type\":0}"]