 ["{\"r\":180,\"x\":16,\"y\":0,\"tag\":\"Wall\",\"type\":5}","{\"r\":180,\"x\":17,\"y\":0,\"tag\":\"Wall\",\"type\":0}","{\"r\":270,\"x\":18,\"y\":0,\"tag\":\"Wall\",\"type\":5}","{\"r\":180,\"x\":1,\"y\":1,\"tag\":\"Wall\",\"type\":5}","{\"r\":180,\"x\":2,\"y\":1,\"tag\":\"Wall\",\"type\":0}","{\"r\":180,\"x\":3,\"y\":1,\"tag\":\"Wall\",\"type\":0}","{\"r\":180,\"x\":4,\"y\":1,\"tag\":\"Wall\",\"type\":6}","{\"r\":180,\"x\":5,\"y\":1,\"tag\":\"Wall\",\"type\":0}","{\"r\":180,\"x\":6,\"y\":1,\"tag\":\"Wall\",\"type\":0}","{\"r\":180,\"x\":7,\"y\":1,\"tag\":\"Wall\",\"type\":6}","{\"r\":180,\"x\":8,\"y\":1,\"tag\":\"Wall\",\"type\":0}","{\"r\":180,\"x\":9,\"y\":1,\"tag\":\"Wall\",\"type\":0}","{\"r\":180,\"x\":10,\"y\":1,\"tag\":\"Wall\",\"type\":0}","{\"r\":180,\"x\":11,\"y\":1,\"tag\":\"Wall\",\"type\":0}","{\"r\":180,\"x\":12,\"y\":1,\"tag\":\"Wall\",\"type\":0}","{\"r\":180,\"x\":13,\"y\":1,\"tag\":\"Wall\",\"type\":0}","{\"r\":180,\"x\":14,\"y\":1,\"tag\":\"Wall\",\"type\":0}","{\"r\":180,\"x\":15,\"y\":1,\"tag\":\"Wall\",\"type\":0}","{\"r\":180,\"x\":16,\"y\":1,\"tag\":\"Wall\",\"type\":1}","{\"r\":0,\"x\":17,\"y\":1,\"tag\":\"Finish\",\"type\":0}","{\"r\":270,\"x\":18,\"y\":1,\"tag\":\"Wall\",\"type\":0}","{\"r\":90,\"x\":1,\"y\":2,\"tag\":\"Wall\",\"type\":0}","{\"r\":0,\"x\":2,\"y\":2,\"tag\":\"Point\",\"type\":0}","{\"r\":0,\"x\":3,\"y\":2,\"tag\":\"Point\",\"type\":0}","{\"r\":270,\"x\":4,\"y\":2,\"tag\":\"Wall\",\"type\":2}","{\"r\":0,\"x\":5,\"y\":2,\"tag\":\"Point\",\"type\":0}","{\"r\":0,\"x\":6,\"y\":2,\"tag\":\"Point\",\"type\":0}","{\"r\":90,\"x\":7,\"y\":2,\"tag\":\"Wall\",\"type\":4}","{\"r\":0,\"x\":8,\"y\":2,\"tag\":\"Point\",\"type\":0}","{\"r\":0,\"x\":9,\"y\":2,\"tag\":\"Point\",\"type\":0}","{\"r\":0,\"x\":10,\"y\":2,\"tag\":\"Point\",\"type\":0}","{\"r\":0,\"x\":11,\"y\":2,\"tag\":\"Point\",\"type\":0}","{\"r\":0,\"x\":12,\"y\":2,\"tag\":\"Point\",\"type\":0}","{\"r\":0,\"x\":13,\"y\":2,\"tag\":\"Point\",\"type\":0}","{\"r\":0,\"x\":14,\"y\":2,\"tag\":\"Point\",\"type\":0}","{\"r\":0,\"x\":15,\"y\":2,\"tag\":\"Point\",\"type\":0}","{\"r\":0,\"x\":16,\"y\":2,\"tag\":\"Point\",\"type\":0}","{\"r\":0,\"x\":17,\"y\":2,\"tag\":\"Point\",\"type\":0}","{\"r\":270,\"x\":18,\"y\":2,\"tag\":\"Wall\",\"type\":0}","{\"r\":90,\"x\":1,\"y\":3,\"tag\":\"Wall\",\"type\":0}","{\"r\":0,\"x\":2,\"y\":3,\"tag\":\"Point\",\"type\":0}","{\"r\":0,\"x\":3,\"y\":3,\"tag\":\"Point\",\"type\":0}","{\"r\":0,\"x\":4,\"y\":3,\"tag\":\"Point\",\"type\":0}","{\"r\":0,\"x\":5,\"y\":3,\"tag\":\"Point\",\"type\":0}","{\"r\":0,\"x\":6,\"y\":3,\"tag\":\"Point\",\"type\":0}","{\"r\":90,\"x\":7,\"y\":3,\"tag\":\"Wall\",\"type\":4}","{\"r\":0,\"x\":8,\"y\":3,\"tag\":\"Point\",\"type\":0}","{\"r\":0,\"x\":9,\"y\":3,\"tag\":\"Wall\",\"type\":1}","{\"r\":0,\"x\":10,\"y\":3,\"tag\":\"Wall\",\"type\":4}","{\"r\":0,\"x\":11,\"y\":3,\"tag\":\"Wall\",\"type\":4}","{\"r\":0,\"x\":12,\"y\":3,\"tag\":\"Wall\",\"type\":4}","{\"r\":0,\"x\":13,\"y\":3,\"tag\":\"Wall\",\"type\":4}","{\"r\":0,\"x\":14,\"y\":3,\"tag\":\"Wall\",\"type\":4}","{\"r\":0,\"x\":15,\"y\":3,\"tag\":\"Wall\",\"type\":4}","{\"r\":90,\"x\":16,\"y\":3,\"tag\":\"Wall\",\"type\":1}","{\"r\":0,\"x\":17,\"y\":3,\"tag\":\"Point\",\"type\":0}","{\"r\":270,\"x\":18,\"y\":3,\"tag\":\"Wall\",\"type\":0}","{\"r\":90,\"x\":1,\"y\":4,\"tag\":\"Wall\",\"type\":0}","{\"r\":0,\"x\":2,\"y\":4,\"tag\":\"Point\",\"type\":0}","{\"r\":0,\"x\":3,\"y\":4,\"tag\":\"Point\",\"type\":0}","{\"r\":0,\"x\":4,\"y\":4,\"tag\":\"Point\",\"type\":0}","{\"r\":0,\"x\":5,\"y\":4,\"tag\":\"Point\",\"type\":0}","{\"r\":0,\"x\":6,\"y\":4,\"tag\":\"Point\",\"type\":0}","{\"r\":90,\"x\":7,\"y\":4,\"tag\":\"Wall\",\"type\":4}","{\"r\":0,\"x\":8,\"y\":4,\"tag\":\"Point\",\"type\":0}","{\"r\":270,\"x\":9,\"y\":4,\"tag\":\"Wall\",\"type\":0}","{\"r\":90,\"x\":16,\"y\":4,\"tag\":\"Wall\",\"type\":0}","{\"r\":0,\"x\":17,\"y\":4,\"tag\":\"Point\",\"type\":0}","{\"r\":270,\"x\":18,\"y\":4,\"tag\":\"Wall\",\"type\":0}","{\"r\":90,\"x\":1,\"y\":5,\"tag\":\"Wall\",\"type\":0}","{\"r\":0,\"x\":2,\"y\":5,\"tag\":\"Point\",\"type\":0}","{\"r\":0,\"x\":3,\"y\":5,\"tag\":\"Point\",\"type\":0}","{\"r\":0,\"x\":4,\"y\":5,\"tag\":\"Point\",\"type\":0}","{\"r\":0,\"x\":5,\"y\":5,\"tag\":\"Point\",\"type\":0}","{\"r\":0,\"x\":6,\"y\":5,\"tag\":\"Point\",\"type\":0}","{\"r\":90,\"x\":7,\"y\":5,\"tag\":\"Wall\",\"type\":4}","{\"r\":0,\"x\":8,\"y\":5,\"tag\":\"Point\",\"type\":0}","{\"r\":270,\"x\":9,\"y\":5,\"tag\":\"Wall\",\"type\":0}","{\"r\":90,\"x\":16,\"y\":5,\"tag\":\"Wall\",\"type\":0}","{\"r\":0,\"x\":17,\"y\":5,\"tag\":\"Point\",\"type\":0}","{\"r\":270,\"x\":18,\"y\":5,\"tag\":\"Wall\",\"type\":0}","{\"r\":90,\"x\":1,\"y\":6,\"tag\":\"Wall\",\"type\":0}","{\"r\":0,\"x\":2,\"y\":6,\"tag\":\"Point\",\"type\":0}","{\"r\":0,\"x\":3,\"y\":6,\"tag\":\"Point\",\"type\":0}","{\"r\":0,\"x\":4,\"y\":6,\"tag\":\"Point\",\"type\":0}","{\"r\":0,\"x\":5,\"y\":6,\"tag\":\"Point\",\"type\":0}","{\"r\":0,\"x\":6,\"y\":6,\"tag\":\"Point\",\"type\":0}","{\"r\":90,\"x\":7,\"y\":6,\"tag\":\"Wall\",\"type\":4}","{\"r\":0,\"x\":8,\"y\":6,\"tag\":\"Point\",\"type\":0}","{\"r\":270,\"x\":9,\"y\":6,\"tag\":\"Wall\",\"type\":0}","{\"r\":90,\"x\":16,\"y\":6,\"tag\":\"Wall\",\"type\":0}","{\"r\":0,\"x\":17,\"y\":6,\"tag\":\"Point\",\"type\":0}","{\"r\":270,\"x\":18,\"y\":6,\"tag\":\"Wall\",\"type\":0}","{\"r\":90,\"x\":1,\"y\":7,\"tag\":\"Wall\",\"type\":0}","{\"r\":0,\"x\":2,\"y\":7,\"tag\":\"Point\",\"type\":0}","{\"r\":90,\"x\":3,\"y\":7,\"tag\":\"Wall\",\"type\":2}","{\"r\":0,\"x\":4,\"y\":7,\"tag\":\"Point\",\"type\":0}","{\"r\":0,\"x\":5,\"y\":7,\"tag\":\"Point\",\"type\":0}","{\"r\":0,\"x\":6,\"y\":7,\"tag\":\"Point\",\"type\":0}","{\"r\":90,\"x\":7,\"y\":7,\"tag\":\"Wall\",\"type\":4}","{\"r\":0,\"x\":8,\"y\":7,\"tag\":\"Point\",\"type\":0}","{\"r\":270,\"x\":9,\"y\":7,\"tag\":\"Wall\",\"type\":0}","{\"r\":90,\"x\":16,\"y\":7,\"tag\":\"Wall\",\"type\":0}","{\"r\":0,\"x\":17,\"y\":7,\"tag\":\"Point\",\"type\":0}","{\"r\":270,\"x\":18,\"y\":7,\"tag\":\"Wall\",\"type\":0}","{\"r\":90,\"x\":1,\"y\":8,\"tag\":\"Wall\",\"type\":6}","{\"r\":0,\"x\":2,\"y\":8,\"tag\":\"Wall\",\"type\":4}","{\"r\":0,\"x\":3,\"y\":8,\"tag\":\"Wall\",\"type\":8}","{\"r\":0,\"x\":4,\"y\":8,\"tag\":\"Wall\",\"type\":4}","{\"r\":180,\"x\":5,\"y\":8,\"tag\":\"Wall\",\"type\":2}","{\"r\":0,\"x\":6,\"y\":8,\"tag\":\"Point\",\"type\":0}","{\"r\":90,\"x\":7,\"y\":8,\"tag\":\"Wall\",\"type\":4}","{\"r\":0,\"x\":8,\"y\":8,\"tag\":\"Point\",\"type\":0}","{\"r\":270,\"x\":9,\"y\":8,\"tag\":\"Wall\",\"type\":0}","{\"r\":180,\"x\":14,\"y\":8,\"tag\":\"Wall\",\"type\":5}","{\"r\":180,\"x\":15,\"y\":8,\"tag\":\"Wall\",\"type\":0}","{\"r\":180,\"x\":16,\"y\":8,\"tag\":\"Wall\",\"type\":1}","{\"r\":0,\"x\":17,\"y\":8,\"tag\":\"Point\",\"type\":0}","{\"r\":270,\"x\":18,\"y\":8,\"tag\":\"Wall\",\"type\":0}","{\"r\":90,\"x\":1,\"y\":9,\"tag\":\"Wall\",\"type\":0}","{\"r\":0,\"x\":2,\"y\":9,\"tag\":\"Point\",\"type\":0}","{\"r\":0,\"x\":3,\"y\":9,\"tag\":\"Point\",\"type\":0}","{\"r\":0,\"x\":4,\"y\":9,\"tag\":\"Point\",\"type\":0}","{\"r\":0,\"x\":5,\"y\":9,\"tag\":\"Point\",\"type\":0}","{\"r\":0,\"x\":6,\"y\":9,\"tag\":\"Point\",\"type\":0}","{\"r\":90,\"x\":7,\"y\":9,\"tag\":\"Wall\",\"type\":4}","{\"r\":0,\"x\":8,\"y\":9,\"tag\":\"Point\",\"type\":0}","{\"r\":270,\"x\":9,\"y\":9,\"tag\":\"Wall\",\"type\":0}","{\"r\":90,\"x\":14,\"y\":9,\"tag\":\"Wall\",\"type\":0}","{\"r\":0,\"x\":15,\"y\":9,\"tag\":\"Point\",\"type\":0}","{\"r\":0,\"x\":16,\"y\":9,\"tag\":\"Point\",\"type\":0}","{\"r\":0,\"x\":17,\"y\":9,\"tag\":\"Point\",\"type\":0}","{\"r\":270,\"x\":18,\"y\":9,\"tag\":\"Wall\",\"type\":0}","{\"r\":90,\"x\":1,\"y\":10,\"tag\":\"Wall\",\"type\":0}","{\"r\":0,\"x\":2,\"y\":10,\"tag\":\"Point\",\"type\":0}","{\"r\":0,\"x\":3,\"y\":10,\"tag\":\"Wall\",\"type\":2}","{\"r\":0,\"x\":4,\"y\":10,\"tag\":\"Wall\",\"type\":4}","{\"r\":90,\"x\":5,\"y\":10,\"tag\":\"Wall\",\"type\":9}","{\"r\":0,\"x\":6,\"y\":10,\"tag\":\"Point\",\"type\":0}","{\"r\":90,\"x\":7,\"y\":10,\"tag\":\"Wall\",\"type\":4}","{\"r\":0,\"x\":8,\"y\":10,\"tag\":\"Point\",\"type\":0}","{\"r\":270,\"x\":9,\"y\":10,\"tag\":\"Wall\",\"type\":0}","{\"r\":90,\"x\":14,\"y\":10,\"tag\":\"Wall\",\"type\":0}","{\"r\":0,\"x\":15,\"y\":10,\"tag\":\"Point\",\"type\":0}","{\"r\":90,\"x\":16,\"y\":10,\"tag\":\"Wall\",\"type\":2}","{\"r\":0,\"x\":17,\"y\":10,\"tag\":\"Spike\",\"type\":0}","{\"r\":0,\"x\":18,\"y\":10,\"tag\":\"Wall\",\"type\":3}","{\"r\":90,\"x\":1,\"y\":11,\"tag\":\"Wall\",\"type\":0}","{\"r\":0,\"x\":2,\"y\":11,\"tag\":\"Point\",\"type\":0}","{\"r\":0,\"x\":3,\"y\":11,\"tag\":\"Point\",\"type\":0}","{\"r\":0,\"x\":4,\"y\":11,\"tag\":\"Point\",\"type\":0}","{\"r\":90,\"x\":5,\"y\":11,\"tag\":\"Wall\",\"type\":4}","{\"r\":0,\"x\":6,\"y\":11,\"tag\":\"Point\",\"type\":0}","{\"r\":90,\"x\":7,\"y\":11,\"tag\":\"Wall\",\"type\":4}","{\"r\":0,\"x\":8,\"y\":11,\"tag\":\"Point\",\"type\":0}","{\"r\":270,\"x\":9,\"y\":11,\"tag\":\"Wall\",\"type\":0}","{\"r\":90,\"x\":14,\"y\":11,\"tag\":\"Wall\",\"type\":0}","{\"r\":0,\"x\":15,\"y\":11,\"tag\":\"Point\",\"type\":0}","{\"r\":270,\"x\":16,\"y\":11,\"tag\":\"Wall\",\"type\":0}","{\"r\":90,\"x\":1,\"y\":12,\"tag\":\"Wall\",\"type\":6}","{\"r\":0,\"x\":2,\"y\":12,\"tag\":\"Wall\",\"type\":4}","{\"r\":180,\"x\":3,\"y\":12,\"tag\":\"Wall\",\"type\":2}","{\"r\":0,\"x\":4,\"y\":12,\"tag\":\"Point\",\"type\":0}","{\"r\":90,\"x\":5,\"y\":12,\"tag\":\"Wall\",\"type\":4}","{\"r\":0,\"x\":6,\"y\":12,\"tag\":\"Point\",\"type\":0}","{\"r\":90,\"x\":7,\"y\":12,\"tag\":\"Wall\",\"type\":4}","{\"r\":0,\"x\":8,\"y\":12,\"tag\":\"Point\",\"type\":0}","{\"r\":270,\"x\":9,\"y\":12,\"tag\":\"Wall\",\"type\":0}","{\"r\":90,\"x\":14,\"y\":12,\"tag\":\"Wall\",\"type\":0}","{\"r\":0,\"x\":15,\"y\":12,\"tag\":\"Point\",\"type\":0}","{\"r\":270,\"x\":16,\"y\":12,\"tag\":\"Wall\",\"type\":1}","{\"r\":180,\"x\":17,\"y\":12,\"tag\":\"Wall\",\"type\":0}","{\"r\":180,\"x\":18,\"y\":12,\"tag\":\"Wall\",\"type\":0}","{\"r\":270,\"x\":19,\"y\":12,\"tag\":\"Wall\",\"type\":5}","{\"r\":90,\"x\":1,\"y\":13,\"tag\":\"Wall\",\"type\":0}","{\"r\":0,\"x\":2,\"y\":13,\"tag\":\"Point\",\"type\":0}","{\"r\":0,\"x\":3,\"y\":13,\"tag\":\"Point\",\"type\":0}","{\"r\":0,\"x\":4,\"y\":13,\"tag\":\"Point\",\"type\":0}","{\"r\":90,\"x\":5,\"y\":13,\"tag\":\"Wall\",\"type\":4}","{\"r\":0,\"x\":6,\"y\":13,\"tag\":\"Point\",\"type\":0}","{\"r\":90,\"x\":7,\"y\":13,\"tag\":\"Wall\",\"type\":4}","{\"r\":0,\"x\":8,\"y\":13,\"tag\":\"Point\",\"type\":0}","{\"r\":270,\"x\":9,\"y\":13,\"tag\":\"Wall\",\"type\":0}","{\"r\":90,\"x\":14,\"y\":13,\"tag\":\"Wall\",\"type\":0}","{\"r\":0,\"x\":15,\"y\":13,\"tag\":\"Point\",\"type\":0}","{\"r\":0,\"x\":16,\"y\":13,\"tag\":\"Point\",\"type\":0}","{\"r\":0,\"x\":17,\"y\":13,\"tag\":\"Point\",\"type\":0}","{\"r\":270,\"x\":19,\"y\":13,\"tag\":\"Wall\",\"type\":0}","{\"r\":180,\"x\":0,\"y\":14,\"tag\":\"Wall\",\"type\":5}","{\"r\":180,\"x\":1,\"y\":14,\"tag\":\"Wall\",\"type\":1}","{\"r\":0,\"x\":2,\"y\":14,\"tag\":\"Point\",\"type\":0}","{\"r\":0,\"x\":3,\"y\":14,\"tag\":\"Spike\",\"type\":0}","{\"r\":0,\"x\":4,\"y\":14,\"tag\":\"Spike\",\"type\":0}","{\"r\":90,\"x\":5,\"y\":14,\"tag\":\"Wall\",\"type\":4}","{\"r\":0,\"x\":6,\"y\":14,\"tag\":\"Point\",\"type\":0}","{\"r\":90,\"x\":7,\"y\":14,\"tag\":\"Wall\",\"type\":4}","{\"r\":0,\"x\":8,\"y\":14,\"tag\":\"Point\",\"type\":0}","{\"r\":270,\"x\":9,\"y\":14,\"tag\":\"Wall\",\"type\":0}","{\"r\":90,\"x\":14,\"y\":14,\"tag\":\"Wall\",\"type\":5}","{\"r\":0,\"x\":15,\"y\":14,\"tag\":\"Wall\",\"type\":0}","{\"r\":90,\"x\":16,\"y\":14,\"tag\":\"Wall\",\"type\":1}","{\"r\":0,\"x\":17,\"y\":14,\"tag\":\"Point\",\"type\":0}","{\"r\":0,\"x\":18,\"y\":14,\"tag\":\"Wall\",\"type\":1}","{\"r\":0,\"x\":19,\"y\":14,\"tag\":\"Wall\",\"type\":5}","{\"r\":90,\"x\":0,\"y\":15,\"tag\":\"Wall\",\"type\":0}","{\"r\":0,\"x\":1,\"y\":15,\"tag\":\"Point\",\"type\":0}","{\"r\":0,\"x\":2,\"y\":15,\"tag\":\"Point\",\"type\":0}","{\"r\":0,\"x\":3,\"y\":15,\"tag\":\"Wall\",\"type\":1}","{\"r\":0,\"x\":4,\"y\":15,\"tag\":\"Wall\",\"type\":0}","{\"r\":270,\"x\":5,\"y\":15,\"tag\":\"Wall\",\"type\":8}","{\"r\":0,\"x\":6,\"y\":15,\"tag\":\"Point\",\"type\":0}","{\"r\":90,\"x\":7,\"y\":15,\"tag\":\"Wall\",\"type\":4}","{\"r\":0,\"x\":8,\"y\":15,\"tag\":\"Point\",\"type\":0}","{\"r\":270,\"x\":9,\"y\":15,\"tag\":\"Wall\",\"type\":0}","{\"r\":90,\"x\":16,\"y\":15,\"tag\":\"Wall\",\"type\":0}","{\"r\":0,\"x\":17,\"y\":15,\"tag\":\"Point\",\"type\":0}","{\"r\":270,\"x\":18,\"y\":15,\"tag\":\"Wall\",\"type\":0}","{\"r\":90,\"x\":0,\"y\":16,\"tag\":\"Wall\",\"type\":0}","{\"r\":0,\"x\":1,\"y\":16,\"tag\":\"Point\",\"type\":0}","{\"r\":0,\"x\":2,\"y\":16,\"tag\":\"Spike\",\"type\":0}","{\"r\":270,\"x\":3,\"y\":16,\"tag\":\"Wall\",\"type\":0}","{\"r\":90,\"x\":5,\"y\":16,\"tag\":\"Wall\",\"type\":0}","{\"r\":0,\"x\":6,\"y\":16,\"tag\":\"Point\",\"type\":0}","{\"r\":270,\"x\":7,\"y\":16,\"tag\":\"Wall\",\"type\":2}","{\"r\":0,\"x\":8,\"y\":16,\"tag\":\"Point\",\"type\":0}","{\"r\":270,\"x\":9,\"y\":16,\"tag\":\"Wall\",\"type\":0}","{\"r\":90,\"x\":16,\"y\":16,\"tag\":\"Wall\",\"type\":0}","{\"r\":0,\"x\":17,\"y\":16,\"tag\":\"Point\",\"type\":0}","{\"r\":270,\"x\":18,\"y\":16,\"tag\":\"Wall\",\"type\":0}","{\"r\":90,\"x\":0,\"y\":17,\"tag\":\"Wall\",\"type\":0}","{\"r\":0,\"x\":1,\"y\":17,\"tag\":\"Player\",\"type\":0}","{\"r\":0,\"x\":2,\"y\":17,\"tag\":\"Wall\",\"type\":1}","{\"r\":0,\"x\":3,\"y\":17,\"tag\":\"Wall\",\"type\":5}","{\"r\":90,\"x\":5,\"y\":17,\"tag\":\"Wall\",\"type\":0}","{\"r\":0,\"x\":6,\"y\":17,\"tag\":\"Point\",\"type\":0}","{\"r\":0,\"x\":7,\"y\":17,\"tag\":\"Point\",\"type\":0}","{\"r\":0,\"x\":8,\"y\":17,\"tag\":\"Point\",\"type\":0}","{\"r\":270,\"x\":9,\"y\":17,\"tag\":\"Wall\",\"type\":0}","{\"r\":90,\"x\":16,\"y\":17,\"tag\":\"Wall\",\"type\":0}","{\"r\":0,\"x\":17,\"y\":17,\"tag\":\"Point\",\"type\":0}","{\"r\":270,\"x\":18,\"y\":17,\"tag\":\"Wall\",\"type\":0}","{\"r\":90,\"x\":0,\"y\":18,\"tag\":\"Wall\",\"type\":5}","{\"r\":0,\"x\":1,\"y\":18,\"tag\":\"Wall\",\"type\":0}","{\"r\":0,\"x\":2,\"y\":18,\"tag\":\"Wall\",\"type\":5}","{\"r\":90,\"x\":5,\"y\":18,\"tag\":\"Wall\",\"type\":5}","{\"r\":0,\"x\":6,\"y\":18,\"tag\":\"Wall\",\"type\":0}","{\"r\":90,\"x\":7,\"y\":18,\"tag\":\"Wall\",\"type\":1}","{\"r\":0,\"x\":8,\"y\":18,\"tag\":\"Point\",\"type\":0}","{\"r\":270,\"x\":9,\"y\":18,\"tag\":\"Wall\",\"type\":0}","{\"r\":90,\"x\":16,\"y\":18,\"tag\":\"Wall\",\"type\":0}","{\"r\":0,\"x\":17,\"y\":18,\"tag\":\"Point\",\"type\":0}","{\"r\":270,\"x\":18,\"y\":18,\"tag\":\"Wall\",\"type\":0}","{\"r\":90,\"x\":7,\"y\":19,\"tag\":\"Wall\",\"type\":0}","{\"r\":0,\"x\":8,\"y\":19,\"tag\":\"Point\",\"type\":0}","{\"r\":270,\"x\":9,\"y\":19,\"tag\":\"Wall\",\"type\":0}","{\"r\":90,\"x\":16,\"y\":19,\"tag\":\"Wall\",\"type\":0}","{\"r\":0,\"x\":17,\"y\":19,\"tag\":\"Point\",\"type\":0}","{\"r\":270,\"x\":18,\"y\":19,\"tag\":\"Wall\",\"type\":0}","{\"r\":90,\"x\":7,\"y\":20,\"tag\":\"Wall\",\"type\":0}","{\"r\":0,\"x\":8,\"y\":20,\"tag\":\"Point\",\"type\":0}","{\"r\":270,\"x\":9,\"y\":20,\"tag\":\"Wall\",\"type\":0}","{\"r\":90,\"x\":16,\"y\":20,\"tag\":\"Wall\",\"type\":0}","{\"r\":0,\"x\":17,\"y\":20,\"tag\":\"Point\",\"type\":0}","{\"r\":270,\"x\":18,\"y\":20,\"tag\":\"Wall\",\"type\":0}","{\"r\":180,\"x\":0,\"y\":21,\"tag\":\"Wall\",\"type\":5}","{\"r\":180,\"x\":1,\"y\":21,\"tag\":\"Wall\",\"type\":0}","{\"r\":180,\"x\":2,\"y\":21,\"tag\":\"Wall\",\"type\":0}","{\"r\":180,\"x\":3,\"y\":21,\"tag\":\"Wall\",\"type\":0}","{\"r\":180,\"x\":4,\"y\":21,\"tag\":\"Wall\",\"type\":0}","{\"r\":180,\"x\":5,\"y\":21,\"tag\":\"Wall\",\"type\":6}","{\"r\":180,\"x\":6,\"y\":21,\"tag\":\"Wall\",\"type\":0}","{\"r\":180,\"x\":7,\"y\":21,\"tag\":\"Wall\",\"type\":1}","{\"r\":0,\"x\":8,\"y\":21,\"tag\":\"Point\",\"type\":0}","{\"r\":270,\"x\":9,\"y\":21,\"tag\":\"Wall\",\"type\":1}","{\"r\":180,\"x\":10,\"y\":21,\"tag\":\"Wall\",\"type\":0}","{\"r\":180,\"x\":11,\"y\":21,\"tag\":\"Wall\",\"type\":0}","{\"r\":180,\"x\":12,\"y\":21,\"tag\":\"Wall\",\"type\":0}","{\"r\":180,\"x\":13,\"y\":21,\"tag\":\"Wall\",\"type\":6}","{\"r\":180,\"x\":14,\"y\":21,\"tag\":\"Wall\",\"type\":0}","{\"r\":180,\"x\":15,\"y\":21,\"tag\":\"Wall\",\"type\":0}","{\"r\":180,\"x\":16,\"y\":21,\"tag\":\"Wall\",\"type\":1}","{\"r\":0,\"x\":17,\"y\":21,\"tag\":\"Point\",\"type\":0}","{\"r\":270,\"x\":18,\"y\":21,\"tag\":\"Wall\",\"type\":1}","{\"r\":270,\"x\":19,\"y\":21,\"tag\":\"Wall\",\"type\":5}","{\"r\":90,\"x\":0,\"y\":22,\"tag\":\"Wall\",\"type\":0}","{\"r\":90,\"x\":1,\"y\":22,\"tag\":\"Spike\",\"type\":0}","{\"r\":0,\"x\":4,\"y\":22,\"tag\":\"Point\",\"type\":0}","{\"r\":270,\"x\":5,\"y\":22,\"tag\":\"Wall\",\"type\":2}","{\"r\":0,\"x\":6,\"y\":22,\"tag\":\"Point\",\"type\":0}","{\"r\":0,\"x\":7,\"y\":22,\"tag\":\"Point\",\"type\":0}","{\"r\":0,\"x\":8,\"y\":22,\"tag\":\"Point\",\"type\":0}","{\"r\":0,\"x\":9,\"y\":22,\"tag\":\"Point\",\"type\":0}","{\"r\":0,\"x\":10,\"y\":22,\"tag\":\"Point\",\"type\":0}","{\"r\":0,\"x\":11,\"y\":22,\"tag\":\"Point\",\"type\":0}","{\"r\":0,\"x\":12,\"y\":22,\"tag\":\"Point\",\"type\":0}","{\"r\":270,\"x\":13,\"y\":22,\"tag\":\"Wall\",\"type\":2}","{\"r\":0,\"x\":14,\"y\":22,\"tag\":\"Point\",\"type\":0}","{\"r\":0,\"x\":15,\"y\":22,\"tag\":\"Point\",\"type\":0}","{\"r\":0,\"x\":16,\"y\":22,\"tag\":\"Point\",\"type\":0}","{\"r\":0,\"x\":17,\"y\":22,\"tag\":\"Point\",\"type\":0}","{\"r\":0,\"x\":18,\"y\":22,\"tag\":\"Point\",\"type\":0}","{\"r\":270,\"x\":19,\"y\":22,\"tag\":\"Wall\",\"type\":0}","{\"r\":90,\"x\":0,\"y\":23,\"tag\":\"Wall\",\"type\":0}","{\"r\":90,\"x\":1,\"y\":23,\"tag\":\"Spike\",\"type\":0}","{\"r\":90,\"x\":3,\"y\":23,\"tag\":\"Wall\",\"type\":2}","{\"r\":0,\"x\":4,\"y\":23,\"tag\":\"Point\",\"type\":0}","{\"r\":0,\"x\":5,\"y\":23,\"tag\":\"Point\",\"type\":0}","{\"r\":0,\"x\":6,\"y\":23,\"tag\":\"Point\",\"type\":0}","{\"r\":0,\"x\":7,\"y\":23,\"tag\":\"Point\",\"type\":0}","{\"r\":0,\"x\":8,\"y\":23,\"tag\":\"Point\",\"type\":0}","{\"r\":0,\"x\":9,\"y\":23,\"tag\":\"Point\",\"type\":0}","{\"r\":90,\"x\":10,\"y\":23,\"tag\":\"Wall\",\"type\":2}","{\"r\":0,\"x\":11,\"y\":23,\"tag\":\"Point\",\"type\":0}","{\"r\":0,\"x\":12,\"y\":23,\"tag\":\"Point\",\"type\":0}","{\"r\":0,\"x\":13,\"y\":23,\"tag\":\"Point\",\"type\":0}","{\"r\":0,\"x\":14,\"y\":23,\"tag\":\"Point\",\"type\":0}","{\"r\":0,\"x\":15,\"y\":23,\"tag\":\"Point\",\"type\":0}","{\"r\":90,\"x\":16,\"y\":23,\"tag\":\"Wall\",\"type\":2}","{\"r\":0,\"x\":17,\"y\":23,\"tag\":\"Point\",\"type\":0}","{\"r\":0,\"x\":18,\"y\":23,\"tag\":\"Point\",\"type\":0}","{\"r\":270,\"x\":19,\"y\":23,\"tag\":\"Wall\",\"type\":0}","{\"r\":90,\"x\":0,\"y\":24,\"tag\":\"Wall\",\"type\":5}","{\"r\":0,\"x\":1,\"y\":24,\"tag\":\"Wall\",\"type\":0}","{\"r\":0,\"x\":2,\"y\":24,\"tag\":\"Wall\",\"type\":0}","{\"r\":0,\"x\":3,\"y\":24,\"tag\":\"Wall\",\"type\":6}","{\"r\":0,\"x\":4,\"y\":24,\"tag\":\"Wall\",\"type\":0}","{\"r\":0,\"x\":5,\"y\":24,\"tag\":\"Wall\",\"type\":0}","{\"r\":0,\"x\":6,\"y\":24,\"tag\":\"Wall\",\"type\":0}","{\"r\":0,\"x\":7,\"y\":24,\"tag\":\"Wall\",\"type\":0}","{\"r\":0,\"x\":8,\"y\":24,\"tag\":\"Wall\",\"type\":0}","{\"r\":0,\"x\":9,\"y\":24,\"tag\":\"Wall\",\"type\":0}","{\"r\":0,\"x\":10,\"y\":24,\"tag\":\"Wall\",\"type\":6}","{\"r\":0,\"x\":11,\"y\":24,\"tag\":\"Wall\",\"type\":0}","{\"r\":0,\"x\":12,\"y\":24,\"tag\":\"Wall\",\"type\":0}","{\"r\":0,\"x\":13,\"y\":24,\"tag\":\"Wall\",\"type\":0}","{\"r\":0,\"x\":14,\"y\":24,\"tag\":\"Wall\",\"type\":0}","{\"r\":0,\"x\":15,\"y\":24,\"tag\":\"Wall\",\"type\":0}","{\"r\":0,\"x\":16,\"y\":24,\"tag\":\"Wall\",\"type\":6}","{\"r\":0,\"x\":17,\"y\":24,\"tag\":\"Wall\",\"type\":0}","{\"r\":0,\"x\":18,\"y\":24,\"tag\":\"Wall\",\"type\":0}","{\"r\":0,\"x\":19,\"y\":24,\"tag\":\"Wall\",\"type\":5}"]