{
  "project_info": {
    "project_number": "232245607390",
    "project_id": "digital-health-387314",
    "storage_bucket": "digital-health-387314.appspot.com"
  },
  "client": [
    {
      "client_info": {
        "mobilesdk_app_id": "1:232245607390:android:27ff8522aec7b1c23afb4f",
        "android_client_info": {
          "package_name": "codes.novastream.dwellbeing"
        }
      },
      "oauth_client": [
        {
          "client_id": "232245607390-thdb1fvj28shdiq4l9oirqtvs8jic456.apps.googleusercontent.com",
          "client_type": 1,
          "android_info": {
            "package_name": "codes.novastream.dwellbeing",
            "certificate_hash": "3929597e0ebae5f5fa63f5483da36a20fce9ec01"
          }
        },
        {
          "client_id": "232245607390-ablferdt4tkhqr6ps7t4mpeb9rpoasme.apps.googleusercontent.com",
          "client_type": 3
        }
      ],
      "api_key": [
        {
          "current_key": "AIzaSyDeu3E5eSiXX21rLn9ui34I6zWl7pfMzkM"
        }
      ],
      "services": {
        "appinvite_service": {
          "other_platform_oauth_client": [
            {
              "client_id": "232245607390-ablferdt4tkhqr6ps7t4mpeb9rpoasme.apps.googleusercontent.com",
              "client_type": 3
            }
          ]
        }
      }
    }
  ],
  "configuration_version": "1"
}