["{\"r\":180,\"x\":0,\"y\":0,\"tag\":\"Wall\",\"type\":5}","{\"r\":180,\"x\":1,\"y\":0,\"tag\":\"Wall\",\"type\":0}","{\"r\":180,\"x\":2,\"y\":0,\"tag\":\"Wall\",\"type\":0}","{\"r\":180,\"x\":3,\"y\":0,\"tag\":\"Wall\",\"type\":0}","{\"r\":180,\"x\":4,\"y\":0,\"tag\":\"Wall\",\"type\":0}","{\"r\":180,\"x\":5,\"y\":0,\"tag\":\"Wall\",\"type\":6}","{\"r\":180,\"x\":6,\"y\":0,\"tag\":\"Wall\",\"type\":0}","{\"r\":180,\"x\":7,\"y\":0,\"tag\":\"Wall\",\"type\":0}","{\"r\":180,\"x\":8,\"y\":0,\"tag\":\"Wall\",\"type\":0}","{\"r\":270,\"x\":9,\"y\":0,\"tag\":\"Wall\",\"type\":5}","{\"r\":90,\"x\":0,\"y\":1,\"tag\":\"Wall\",\"type\":0}","{\"r\":90,\"x\":1,\"y\":1,\"tag\":\"Player\",\"type\":0}","{\"r\":0,\"x\":2,\"y\":1,\"tag\":\"Point\",\"type\":0}","{\"r\":0,\"x\":3,\"y\":1,\"tag\":\"Point\",\"type\":0}","{\"r\":0,\"x\":4,\"y\":1,\"tag\":\"Point\",\"type\":0}","{\"r\":90,\"x\":5,\"y\":1,\"tag\":\"Wall\",\"type\":4}","{\"r\":0,\"x\":6,\"y\":1,\"tag\":\"Point\",\"type\":0}","{\"r\":0,\"x\":7,\"y\":1,\"tag\":\"Point\",\"type\":0}","{\"r\":0,\"x\":8,\"y\":1,\"tag\":\"Finish\",\"type\":0}","{\"r\":270,\"x\":9,\"y\":1,\"tag\":\"Wall\",\"type\":0}","{\"r\":90,\"x\":0,\"y\":2,\"tag\":\"Wall\",\"type\":5}","{\"r\":0,\"x\":1,\"y\":2,\"tag\":\"Wall\",\"type\":0}","{\"r\":90,\"x\":2,\"y\":2,\"tag\":\"Wall\",\"type\":1}","{\"r\":0,\"x\":3,\"y\":2,\"tag\":\"Point\",\"type\":0}","{\"r\":0,\"x\":4,\"y\":2,\"tag\":\"Point\",\"type\":0}","{\"r\":90,\"x\":5,\"y\":2,\"tag\":\"Wall\",\"type\":4}","{\"r\":0,\"x\":6,\"y\":2,\"tag\":\"Point\",\"type\":0}","{\"r\":0,\"x\":7,\"y\":2,\"tag\":\"Wall\",\"type\":2}","{\"r\":0,\"x\":8,\"y\":2,\"tag\":\"Wall\",\"type\":4}","{\"r\":270,\"x\":9,\"y\":2,\"tag\":\"Wall\",\"type\":6}","{\"r\":90,\"x\":2,\"y\":3,\"tag\":\"Wall\",\"type\":0}","{\"r\":0,\"x\":3,\"y\":3,\"tag\":\"Point\",\"type\":0}","{\"r\":0,\"x\":4,\"y\":3,\"tag\":\"Wall\",\"type\":2}","{\"r\":270,\"x\":5,\"y\":3,\"tag\":\"Wall\",\"type\":8}","{\"r\":0,\"x\":6,\"y\":3,\"tag\":\"Point\",\"type\":0}","{\"r\":270,\"x\":8,\"y\":3,\"tag\":\"Spike\",\"type\":0}","{\"r\":270,\"x\":9,\"y\":3,\"tag\":\"Wall\",\"type\":0}","{\"r\":90,\"x\":2,\"y\":4,\"tag\":\"Wall\",\"type\":0}","{\"r\":0,\"x\":3,\"y\":4,\"tag\":\"Point\",\"type\":0}","{\"r\":0,\"x\":4,\"y\":4,\"tag\":\"Point\",\"type\":0}","{\"r\":90,\"x\":5,\"y\":4,\"tag\":\"Wall\",\"type\":4}","{\"r\":0,\"x\":6,\"y\":4,\"tag\":\"Point\",\"type\":0}","{\"r\":0,\"x\":7,\"y\":4,\"tag\":\"Wall\",\"type\":3}","{\"r\":270,\"x\":8,\"y\":4,\"tag\":\"Spike\",\"type\":0}","{\"r\":270,\"x\":9,\"y\":4,\"tag\":\"Wall\",\"type\":0}","{\"r\":90,\"x\":2,\"y\":5,\"tag\":\"Wall\",\"type\":6}","{\"r\":180,\"x\":3,\"y\":5,\"tag\":\"Wall\",\"type\":2}","{\"r\":0,\"x\":4,\"y\":5,\"tag\":\"Point\",\"type\":0}","{\"r\":90,\"x\":5,\"y\":5,\"tag\":\"Wall\",\"type\":4}","{\"r\":0,\"x\":6,\"y\":5,\"tag\":\"Point\",\"type\":0}","{\"r\":0,\"x\":7,\"y\":5,\"tag\":\"Point\",\"type\":0}","{\"r\":270,\"x\":8,\"y\":5,\"tag\":\"Spike\",\"type\":0}","{\"r\":270,\"x\":9,\"y\":5,\"tag\":\"Wall\",\"type\":0}","{\"r\":90,\"x\":2,\"y\":6,\"tag\":\"Wall\",\"type\":0}","{\"r\":0,\"x\":3,\"y\":6,\"tag\":\"Point\",\"type\":0}","{\"r\":0,\"x\":4,\"y\":6,\"tag\":\"Point\",\"type\":0}","{\"r\":90,\"x\":5,\"y\":6,\"tag\":\"Wall\",\"type\":4}","{\"r\":0,\"x\":7,\"y\":6,\"tag\":\"Point\",\"type\":0}","{\"r\":270,\"x\":8,\"y\":6,\"tag\":\"Spike\",\"type\":0}","{\"r\":270,\"x\":9,\"y\":6,\"tag\":\"Wall\",\"type\":0}","{\"r\":90,\"x\":2,\"y\":7,\"tag\":\"Wall\",\"type\":0}","{\"r\":0,\"x\":3,\"y\":7,\"tag\":\"Point\",\"type\":0}","{\"r\":0,\"x\":4,\"y\":7,\"tag\":\"Wall\",\"type\":2}","{\"r\":180,\"x\":5,\"y\":7,\"tag\":\"Wall\",\"type\":9}","{\"r\":0,\"x\":7,\"y\":7,\"tag\":\"Point\",\"type\":0}","{\"r\":270,\"x\":8,\"y\":7,\"tag\":\"Spike\",\"type\":0}","{\"r\":270,\"x\":9,\"y\":7,\"tag\":\"Wall\",\"type\":0}","{\"r\":90,\"x\":2,\"y\":8,\"tag\":\"Wall\",\"type\":0}","{\"r\":0,\"x\":3,\"y\":8,\"tag\":\"Point\",\"type\":0}","{\"r\":0,\"x\":4,\"y\":8,\"tag\":\"Point\",\"type\":0}","{\"r\":0,\"x\":5,\"y\":8,\"tag\":\"Point\",\"type\":0}","{\"r\":0,\"x\":6,\"y\":8,\"tag\":\"Point\",\"type\":0}","{\"r\":0,\"x\":7,\"y\":8,\"tag\":\"Point\",\"type\":0}","{\"r\":0,\"x\":8,\"y\":8,\"tag\":\"Wall\",\"type\":1}","{\"r\":0,\"x\":9,\"y\":8,\"tag\":\"Wall\",\"type\":5}","{\"r\":90,\"x\":2,\"y\":9,\"tag\":\"Wall\",\"type\":5}","{\"r\":0,\"x\":3,\"y\":9,\"tag\":\"Wall\",\"type\":0}","{\"r\":0,\"x\":4,\"y\":9,\"tag\":\"Wall\",\"type\":0}","{\"r\":0,\"x\":5,\"y\":9,\"tag\":\"Wall\",\"type\":0}","{\"r\":0,\"x\":6,\"y\":9,\"tag\":\"Wall\",\"type\":0}","{\"r\":0,\"x\":7,\"y\":9,\"tag\":\"Wall\",\"type\":0}","{\"r\":0,\"x\":8,\"y\":9,\"tag\":\"Wall\",\"type\":5}"]